Date,Return
9/18/2014,-0.071925576
9/19/2014,-0.069842645
9/20/2014,0.035734916
9/21/2014,-0.024658545
9/22/2014,0.008352102
9/23/2014,0.083647418
9/24/2014,-0.028880814
9/25/2014,-0.027483092
9/26/2014,-0.017369944
9/27/2014,-0.012128328
9/28/2014,-0.055914572
9/29/2014,-0.004544209
9/30/2014,0.030567239
10/1/2014,-0.008603338
10/2/2014,-0.022269722
10/3/2014,-0.041485363
10/4/2014,-0.085243321
10/5/2014,-0.025408487
10/6/2014,0.029855543
10/7/2014,0.018504666
10/8/2014,0.049832356
10/9/2014,0.034243776
10/10/2014,-0.009489706
10/11/2014,0.002038377
10/12/2014,0.044852455
10/13/2014,0.03134334
10/14/2014,0.02678181
10/15/2014,-0.015209382
10/16/2014,-0.030946924
10/17/2014,0.003142013
10/18/2014,0.020023011
10/19/2014,-0.00484362
10/20/2014,-0.017202048
10/21/2014,0.009481657
10/22/2014,-0.008582745
10/23/2014,-0.064571268
10/24/2014,-0.000200858
10/25/2014,-0.030903194
10/26/2014,0.021404073
10/27/2014,-0.004835007
10/28/2014,0.013113716
10/29/2014,-0.061593676
10/30/2014,0.028945917
10/31/2014,-0.020225535
11/1/2014,-0.037160037
11/2/2014,0.000439005
11/3/2014,0.00509981
11/4/2014,0.008969571
11/5/2014,0.027213935
11/6/2014,0.028879
11/7/2014,-0.019682785
11/8/2014,0.008974484
11/9/2014,0.051451861
11/10/2014,0.010075327
11/11/2014,0.002101242
11/12/2014,0.151935697
11/13/2014,-0.006672048
11/14/2014,-0.054468948
11/15/2014,-0.054509846
11/16/2014,0.031236273
11/17/2014,-0.001222019
11/18/2014,-0.031517139
11/19/2014,0.01427778
11/20/2014,-0.05968913
11/21/2014,-0.019539471
11/22/2014,0.005905753
11/23/2014,0.041519279
11/24/2014,0.02537728
11/25/2014,-0.004120469
11/26/2014,-0.01859074
11/27/2014,0.00352911
11/28/2014,0.018332505
11/29/2014,-0.002539517
11/30/2014,0.006807087
12/1/2014,0.003168913
12/2/2014,0.005458232
12/3/2014,-0.016534867
12/4/2014,-0.014415631
12/5/2014,0.019615588
12/6/2014,-0.00549019
12/7/2014,0.000827134
12/8/2014,-0.035153773
12/9/2014,-0.026774693
12/10/2014,-0.016620353
12/11/2014,0.011955659
12/12/2014,0.005808688
12/13/2014,-0.014653531
12/14/2014,0.0122518
12/15/2014,-0.017879452
12/16/2014,-0.052941231
12/17/2014,-0.022277154
12/18/2014,-0.026205859
12/19/2014,0.020703513
12/20/2014,0.038110033
12/21/2014,-0.027618855
12/22/2014,0.034418702
12/23/2014,0.008093155
12/24/2014,-0.035980281
12/25/2014,-0.010932184
12/26/2014,0.027949192
12/27/2014,-0.036779877
12/28/2014,0.004356341
12/29/2014,-0.014402391
12/30/2014,-0.006182281
12/31/2014,0.030430858
1/1/2015,-0.018563805
1/2/2015,0.002491718
1/3/2015,-0.107766864
1/4/2015,-0.06007853
1/5/2015,0.038906836
1/6/2015,0.042681625
1/7/2015,0.028470732
1/8/2015,-0.03733138
1/9/2015,0.024912707
1/10/2015,-0.05375885
1/11/2015,-0.033246432
1/12/2015,0.008040301
1/13/2015,-0.156593075
1/14/2015,-0.211448622
1/15/2015,0.178217087
1/16/2015,-0.008325204
1/17/2015,-0.0424658
1/18/2015,0.055600774
1/19/2015,0.02149857
1/20/2015,-0.016503647
1/21/2015,0.073738261
1/22/2015,0.028687037
1/23/2015,-0.002257903
1/24/2015,0.064273732
1/25/2015,0.02368801
1/26/2015,0.077861994
1/27/2015,-0.036559317
1/28/2015,-0.112192854
1/29/2015,-0.001718542
1/30/2015,-0.030353759
1/31/2015,-0.039576012
2/1/2015,0.043722158
2/2/2015,0.049596443
2/3/2015,-0.046010344
2/4/2015,-0.001826076
2/5/2015,-0.042944129
2/6/2015,0.023743681
2/7/2015,0.024691096
2/8/2015,-0.019064408
2/9/2015,-0.014779877
2/10/2015,-0.001231185
2/11/2015,-0.002974936
2/12/2015,0.011766362
2/13/2015,0.061610514
2/14/2015,0.092997032
2/15/2015,-0.087423942
2/16/2015,-0.004181815
2/17/2015,0.041767332
2/18/2015,-0.029900236
2/19/2015,0.016743823
2/20/2015,0.014549519
2/21/2015,0.003097025
2/22/2015,-0.034993055
2/23/2015,0.01235287
2/24/2015,-0.000657191
2/25/2015,-0.00529876
2/26/2015,-0.004396372
2/27/2015,0.073604462
2/28/2015,0.001713749
3/1/2015,0.023357686
3/2/2015,0.059446191
3/3/2015,0.02188117
3/4/2015,-0.030564162
3/5/2015,0.011300215
3/6/2015,-0.012510109
3/7/2015,0.01297285
3/8/2015,-0.006902829
3/9/2015,0.05559602
3/10/2015,0.007434265
3/11/2015,0.015831464
3/12/2015,-0.006832447
3/13/2015,-0.030633177
3/14/2015,-0.012097961
3/15/2015,0.015992321
3/16/2015,0.014665099
3/17/2015,-0.017508964
3/18/2015,-0.102295908
3/19/2015,0.018060927
3/20/2015,0.0031464
3/21/2015,-0.006586459
3/22/2015,0.030516288
3/23/2015,-0.004552923
3/24/2015,-0.079271912
3/25/2015,0.00245121
3/26/2015,0.00948424
3/27/2015,-0.006047474
3/28/2015,0.023353521
3/29/2015,-0.039893538
3/30/2015,0.01983002
3/31/2015,-0.013340021
4/1/2015,0.012480363
4/2/2015,0.023185001
4/3/2015,0.005205436
4/4/2015,-0.002457514
4/5/2015,0.027201684
4/6/2015,-0.01959335
4/7/2015,-0.009049253
4/8/2015,-0.032222094
4/9/2015,-0.005493418
4/10/2015,-0.031205325
4/11/2015,0.00203326
4/12/2015,-0.001686741
4/13/2015,-0.048976698
4/14/2015,-0.024168847
4/15/2015,0.021326964
4/16/2015,0.021176527
4/17/2015,-0.024897929
4/18/2015,0.002126681
4/19/2015,-0.003384716
4/20/2015,0.009101532
4/21/2015,0.047380934
4/22/2015,-0.004645756
4/23/2015,0.009761935
4/24/2015,-0.021965475
4/25/2015,-0.021092438
4/26/2015,-0.030743437
4/27/2015,0.044916389
4/28/2015,-0.014963844
4/29/2015,-0.000208085
4/30/2015,0.045777854
5/1/2015,-0.017218275
5/2/2015,0.012284601
5/3/2015,0.023104794
5/4/2015,-0.005575002
5/5/2015,-0.012120439
5/6/2015,-0.026846424
5/7/2015,0.032865943
5/8/2015,0.027509784
5/9/2015,-0.008328471
5/10/2015,-0.006351498
5/11/2015,0.007748774
5/12/2015,-0.004319515
5/13/2015,-0.019638179
5/14/2015,0.002335261
5/15/2015,0.002853154
5/16/2015,-0.006110965
5/17/2015,0.002748227
5/18/2015,-0.015515055
5/19/2015,-0.005065885
5/20/2015,0.00892876
5/21/2015,0.005666183
5/22/2015,0.021262548
5/23/2015,-0.00614115
5/24/2015,0.008711816
5/25/2015,-0.015949178
5/26/2015,2.52908105362604e-05
5/27/2015,0.000704328
5/28/2015,0.000526797
5/29/2015,-0.001314243
5/30/2015,-0.015820562
5/31/2015,-0.013520747
6/1/2015,-0.031556573
6/2/2015,0.012905623
6/3/2015,0.00031443
6/4/2015,-0.006862179
6/5/2015,0.002799481
6/6/2015,0.00296511
6/7/2015,-0.012135532
6/8/2015,0.025161417
6/9/2015,0.002446532
6/10/2015,-0.00106969
6/11/2015,0.003942291
6/12/2015,0.001205863
6/13/2015,0.010522555
6/14/2015,0.004909624
6/15/2015,0.014044518
6/16/2015,0.059419931
6/17/2015,-0.006421043
6/18/2015,-0.001111154
6/19/2015,-0.017674206
6/20/2015,0.002477465
6/21/2015,-0.005171057
6/22/2015,0.012486494
6/23/2015,-0.010907325
6/24/2015,-0.01547715
6/25/2015,0.009496275
6/26/2015,0.003274306
6/27/2015,0.030362043
6/28/2015,-0.007884792
6/29/2015,0.032339912
6/30/2015,0.023371595
7/1/2015,-0.01691928
7/2/2015,-0.012408117
7/3/2015,0.003617669
7/4/2015,0.017750093
7/5/2015,0.042267537
7/6/2015,-0.01060264
7/7/2015,-0.010493246
7/8/2015,0.017197155
7/9/2015,-0.005749974
7/10/2015,0.058188657
7/11/2015,0.028856267
7/12/2015,0.06056331
7/13/2015,-0.060517902
7/14/2015,-0.01571626
7/15/2015,-0.005687597
7/16/2015,-0.027079199
7/17/2015,0.004973212
7/18/2015,-0.016355786
7/19/2015,-0.004681639
7/20/2015,0.019615128
7/21/2015,-0.01128385
7/22/2015,0.005035572
7/23/2015,-0.004231171
7/24/2015,0.044300118
7/25/2015,0.001453374
7/26/2015,0.013817303
7/27/2015,0.00320476
7/28/2015,0.002734821
7/29/2015,-0.016428539
7/30/2015,-0.006450539
7/31/2015,-0.010676942
8/1/2015,-0.010711332
8/2/2015,0.00359729
8/3/2015,-0.004907838
8/4/2015,0.014191374
8/5/2015,-0.011696312
8/6/2015,-0.011724739
8/7/2015,0.003618373
8/8/2015,-0.066484192
8/9/2015,0.015655346
8/10/2015,-0.002312508
8/11/2015,0.02236921
8/12/2015,-0.014830574
8/13/2015,-0.008619472
8/14/2015,0.006058793
8/15/2015,-0.015541245
8/16/2015,-0.01163829
8/17/2015,-0.002054008
8/18/2015,-0.181788291
8/19/2015,0.07392972
8/20/2015,0.03822943
8/21/2015,-0.011816468
8/22/2015,-0.009369266
8/23/2015,-0.009640145
8/24/2015,-0.077460175
8/25/2015,0.052799348
8/26/2015,0.019051574
8/27/2015,-0.004702616
8/28/2015,0.029483599
8/29/2015,-0.006983687
8/30/2015,-0.004434664
8/31/2015,0.005660922
9/1/2015,-0.008410985
9/2/2015,0.005098147
9/3/2015,-0.009163299
9/4/2015,0.013711438
9/5/2015,0.020499496
9/6/2015,0.020513232
9/7/2015,2.92019024621393e-05
9/8/2015,0.015676638
9/9/2015,-0.022326926
9/10/2015,0.001297428
9/11/2015,0.006834997
9/12/2015,-0.020315904
9/13/2015,-0.020052844
9/14/2015,0.000572655
9/15/2015,-0.001474117
9/16/2015,-0.00526694
9/17/2015,0.003138465
9/18/2015,0.013772284
9/19/2015,-0.00636124
9/20/2015,-0.001213819
9/21/2015,-0.017849414
9/22/2015,0.015558004
9/23/2015,-0.001452582
9/24/2015,0.018438192
9/25/2015,0.002622235
9/26/2015,-0.003419185
9/27/2015,-0.00675511
9/28/2015,0.027432019
9/29/2015,-0.010265875
9/30/2015,-0.002649064
10/1/2015,0.006307712
10/2/2015,-0.001077659
10/3/2015,0.00605579
10/4/2015,-0.001972911
10/5/2015,0.008914639
10/6/2015,0.023628992
10/7/2015,-0.012574054
10/8/2015,-0.002736947
10/9/2015,0.006714701
10/10/2015,0.004140493
10/11/2015,0.008610273
10/12/2015,-0.007051222
10/13/2015,0.017121321
10/14/2015,0.00994358
10/15/2015,0.009250439
10/16/2015,0.033615054
10/17/2015,0.029562356
10/18/2015,-0.033243455
10/19/2015,0.006856695
10/20/2015,0.022874542
10/21/2015,-0.011842106
10/22/2015,0.029109358
10/23/2015,0.00902476
10/24/2015,0.018654843
10/25/2015,0.007193227
10/26/2015,0.005710643
10/27/2015,0.029751164
10/28/2015,0.036863375
10/29/2015,0.030323222
10/30/2015,0.045116385
10/31/2015,-0.042220718
11/1/2015,0.035856888
11/2/2015,0.109878886
11/3/2015,0.116913852
11/4/2015,0.020192496
11/5/2015,-0.061251826
11/6/2015,-0.030759362
11/7/2015,0.032077318
11/8/2015,-0.033931679
11/9/2015,0.018450903
11/10/2015,-0.114233241
11/11/2015,-0.076405979
11/12/2015,0.087011842
11/13/2015,-0.004137244
11/14/2015,-0.011423759
11/15/2015,-0.038269123
11/16/2015,0.033061045
11/17/2015,0.013130684
11/18/2015,-0.001504049
11/19/2015,-0.02522792
11/20/2015,-0.012653676
11/21/2015,0.015231875
11/22/2015,-0.007313532
11/23/2015,-0.004591234
11/24/2015,-0.009286603
11/25/2015,0.025496347
11/26/2015,0.0745812
11/27/2015,0.015192075
11/28/2015,-0.001846097
11/29/2015,0.038930424
11/30/2015,0.016232441
12/1/2015,-0.039311375
12/2/2015,-0.009106494
12/3/2015,0.005175516
12/4/2015,0.00591898
12/5/2015,0.070944924
12/6/2015,-0.000426831
12/7/2015,0.017369642
12/8/2015,0.050632501
12/9/2015,0.004812748
12/10/2015,-0.004990826
12/11/2015,0.087751689
12/12/2015,-0.037485185
12/13/2015,-0.002855202
12/14/2015,0.02403892
12/15/2015,0.047590869
12/16/2015,-0.022322276
12/17/2015,0.002514678
12/18/2015,0.016527862
12/19/2015,-0.002791117
12/20/2015,-0.042474712
12/21/2015,-0.009139659
12/22/2015,-0.004712341
12/23/2015,0.013351773
12/24/2015,0.028444747
12/25/2015,0.001468246
12/26/2015,-0.084228628
12/27/2015,0.013298244
12/28/2015,-0.001286605
12/29/2015,0.025348194
12/30/2015,-0.014695742
12/31/2015,0.009251772
1/1/2016,0.008748996
1/2/2016,-0.00206299
1/3/2016,-0.007906557
1/4/2016,0.007162647
1/5/2016,-0.002611488
1/6/2016,-0.006609363
1/7/2016,0.067449674
1/8/2016,-0.010518533
1/9/2016,-0.01239772
1/10/2016,0.000848962
1/11/2016,0.000975492
1/12/2016,-0.028405912
1/13/2016,-0.007617802
1/14/2016,-0.004775997
1/15/2016,-0.153321139
1/16/2016,0.06369213
1/17/2016,-0.013513582
1/18/2016,0.012736073
1/19/2016,-0.018129113
1/20/2016,0.105435041
1/21/2016,-0.023720385
1/22/2016,-0.067688427
1/23/2016,0.013069536
1/24/2016,0.039949344
1/25/2016,-0.027905221
1/26/2016,0.001090053
1/27/2016,0.007188443
1/28/2016,-0.037174746
1/29/2016,-0.002143113
1/30/2016,-0.003212326
1/31/2016,-0.025083625
2/1/2016,0.011630654
2/2/2016,0.003731339
2/3/2016,-0.012015001
2/4/2016,0.053101884
2/5/2016,-0.007815785
2/6/2016,-0.02593981
2/7/2016,0.000260256
2/8/2016,-0.008424949
2/9/2016,0.006913969
2/10/2016,0.014945643
2/11/2016,-0.005227304
2/12/2016,0.012140025
2/13/2016,0.019770274
2/14/2016,0.039223259
2/15/2016,-0.017299839
2/16/2016,0.018249082
2/17/2016,0.021679127
2/18/2016,0.014534411
2/19/2016,-0.003759668
2/20/2016,0.038924861
2/21/2016,0.003737734
2/22/2016,-0.002392942
2/23/2016,-0.038862528
2/24/2016,0.010027652
2/25/2016,-0.000967115
2/26/2016,0.017920408
2/27/2016,0.000849248
2/28/2016,0.002277323
2/29/2016,0.009672329
3/1/2016,-0.005880792
3/2/2016,-0.025588104
3/3/2016,-0.005514324
3/4/2016,-0.02540491
3/5/2016,-0.025232427
3/6/2016,0.017817094
3/7/2016,0.016222468
3/8/2016,-0.000842413
3/9/2016,0.002145074
3/10/2016,0.0054742
3/11/2016,0.010929397
3/12/2016,-0.023870638
3/13/2016,0.005930193
3/14/2016,0.00573095
3/15/2016,0.000941313
3/16/2016,0.000434229
3/17/2016,0.008656884
3/18/2016,-0.026325357
3/19/2016,0.002187768
3/20/2016,0.008066885
3/21/2016,-0.001082762
3/22/2016,0.011570049
3/23/2016,-0.000114818
3/24/2016,-0.00393974
3/25/2016,0.001880405
3/26/2016,0.001840958
3/27/2016,0.021103272
3/28/2016,-0.005937757
3/29/2016,-0.018185839
3/30/2016,-0.004081432
3/31/2016,0.00461167
4/1/2016,0.002953928
4/2/2016,0.006969553
4/3/2016,7.36703481059031e-05
4/4/2016,0.001282973
4/5/2016,0.006136043
4/6/2016,-0.001455096
4/7/2016,-0.001577654
4/8/2016,-0.00566771
4/9/2016,-0.002231451
4/10/2016,0.005133353
4/11/2016,0.002179992
4/12/2016,0.00640736
4/13/2016,-0.003424337
4/14/2016,0.001293274
4/15/2016,0.012800448
4/16/2016,0.001998958
4/17/2016,-0.007369277
4/18/2016,0.002789002
4/19/2016,0.016141261
4/20/2016,0.013501454
4/21/2016,0.018206118
4/22/2016,-0.008206015
4/23/2016,0.010196626
4/24/2016,0.018372885
4/25/2016,0.006260977
4/26/2016,0.010105617
4/27/2016,-0.045918222
4/28/2016,0.009723636
4/29/2016,0.013554231
4/30/2016,-0.014895708
5/1/2016,0.007934116
5/2/2016,-0.015946874
5/3/2016,0.0126723
5/4/2016,-0.007954628
5/5/2016,0.002807178
5/6/2016,0.025954478
5/7/2016,-0.002321539
5/8/2016,2.61558698158026e-05
5/9/2016,0.004219836
5/10/2016,-0.020821643
5/11/2016,0.004065265
5/12/2016,0.004501587
5/13/2016,0.001987884
5/14/2016,2.14313531965438e-06
5/15/2016,0.004163098
5/16/2016,-0.007441514
5/17/2016,-0.000836715
5/18/2016,0.001842287
5/19/2016,-0.034983122
5/20/2016,0.009028637
5/21/2016,0.001156587
5/22/2016,-0.008720882
5/23/2016,0.010998743
5/24/2016,0.004111152
5/25/2016,0.008112479
5/26/2016,0.008418621
5/27/2016,0.044289138
5/28/2016,0.119493753
5/29/2016,-0.00718249
5/30/2016,0.014501263
5/31/2016,-0.004641683
6/1/2016,0.010414269
6/2/2016,0.001959327
6/3/2016,0.058036451
6/4/2016,0.006207058
6/5/2016,0.003928573
6/6/2016,0.018365948
6/7/2016,-0.015268041
6/8/2016,0.008754875
6/9/2016,-0.012060646
6/10/2016,0.004942251
6/11/2016,0.050664139
6/12/2016,0.10887435
6/13/2016,0.046957092
6/14/2016,-0.026714363
6/15/2016,0.012996654
6/16/2016,0.103444488
6/17/2016,-0.022704953
6/18/2016,0.009771539
6/19/2016,0.009989086
6/20/2016,-0.03476781
6/21/2016,-0.095729172
6/22/2016,-0.105806256
6/23/2016,0.046737482
6/24/2016,0.06622363
6/25/2016,-0.000264581
6/26/2016,-0.053758451
6/27/2016,0.041165202
6/28/2016,-0.012626832
6/29/2016,-0.010990651
6/30/2016,0.052269858
7/1/2016,0.004394598
7/2/2016,0.040523683
7/3/2016,-0.064001556
7/4/2016,0.037952561
7/5/2016,-0.0190664
7/6/2016,0.009996584
7/7/2016,-0.054285102
7/8/2016,0.04052847
7/9/2016,-0.023349514
7/10/2016,-0.002457964
7/11/2016,-0.002619485
7/12/2016,0.026081671
7/13/2016,-0.015172662
7/14/2016,0.005515908
7/15/2016,0.007866852
7/16/2016,-0.003751161
7/17/2016,0.028288269
7/18/2016,-0.009350037
7/19/2016,-0.000359534
7/20/2016,-0.010669342
7/21/2016,-0.001010949
7/22/2016,-0.021643226
7/23/2016,0.007588176
7/24/2016,0.008739059
7/25/2016,-0.010869729
7/26/2016,-0.003536155
7/27/2016,0.003939945
7/28/2016,0.001043755
7/29/2016,0.002987674
7/30/2016,-0.002960473
7/31/2016,-0.046356928
8/1/2016,-0.029469532
8/2/2016,-0.096997632
8/3/2016,0.034504402
8/4/2016,0.021071627
8/5/2016,-0.005613061
8/6/2016,0.022146143
8/7/2016,0.008356875
8/8/2016,-0.002760273
8/9/2016,-0.005503711
8/10/2016,0.007318806
8/11/2016,-0.005038029
8/12/2016,-0.002649671
8/13/2016,-0.003354571
8/14/2016,-0.025811646
8/15/2016,-0.005667283
8/16/2016,0.017980107
8/17/2016,-0.007313365
8/18/2016,0.001922469
8/19/2016,0.002284469
8/20/2016,0.010539785
8/21/2016,-0.000668798
8/22/2016,0.00936682
8/23/2016,-0.005688957
8/24/2016,-0.005541461
8/25/2016,-0.004172864
8/26/2016,0.003271274
8/27/2016,-0.016741073
8/28/2016,0.006956727
8/29/2016,0.000339786
8/30/2016,0.005915267
8/31/2016,-0.003516875
9/1/2016,-0.005506795
9/2/2016,0.005650868
9/3/2016,0.039397968
9/4/2016,0.017421913
9/5/2016,-0.00335825
9/6/2016,0.006340274
9/7/2016,0.006729669
9/8/2016,0.019155622
9/9/2016,-0.005516315
9/10/2016,0.001040279
9/11/2016,-0.026928206
9/12/2016,0.00251185
9/13/2016,0.001640869
9/14/2016,0.00236851
9/15/2016,-0.005778752
9/16/2016,-0.00029977
9/17/2016,-0.001629419
9/18/2016,0.006419335
9/19/2016,-0.00106093
9/20/2016,-0.001501867
9/21/2016,-0.018350821
9/22/2016,-0.001425127
9/23/2016,0.01097439
9/24/2016,-0.000359928
9/25/2016,-0.002985291
9/26/2016,0.012011866
9/27/2016,-0.003086976
9/28/2016,-0.002372268
9/29/2016,0.001595702
9/30/2016,0.006673335
10/1/2016,0.006966938
10/2/2016,-0.005034248
10/3/2016,0.002031401
10/4/2016,-0.003151302
10/5/2016,0.003780714
10/6/2016,0.000832654
10/7/2016,0.006688149
10/8/2016,0.003219789
10/9/2016,-0.003805406
10/10/2016,0.00363518
10/11/2016,0.035667555
10/12/2016,-0.007612257
10/13/2016,0.000933671
10/14/2016,0.005640796
10/15/2016,-0.002704644
10/16/2016,0.004673928
10/17/2016,-0.003799674
10/18/2016,-0.00192895
10/19/2016,-0.011662177
10/20/2016,0.00053444
10/21/2016,0.003124335
10/22/2016,0.038661379
10/23/2016,-0.000339304
10/24/2016,-0.005037504
10/25/2016,0.005853862
10/26/2016,0.031503013
10/27/2016,0.014755879
10/28/2016,0.001943902
10/29/2016,0.036000822
10/30/2016,-0.017656208
10/31/2016,-0.001270943
11/1/2016,0.04111583
11/2/2016,0.015122027
11/3/2016,-0.070365724
11/4/2016,0.021104941
11/5/2016,0.000260289
11/6/2016,0.011520806
11/7/2016,-0.011793018
11/8/2016,0.009553044
11/9/2016,0.018912482
11/10/2016,-0.01069999
11/11/2016,0.001225678
11/12/2016,-0.015852624
11/13/2016,-0.004287629
11/14/2016,0.004259057
11/15/2016,0.009358618
11/16/2016,0.045781491
11/17/2016,-0.00432816
11/18/2016,0.014316278
11/19/2016,4.12539612535401e-05
11/20/2016,-0.027394342
11/21/2016,0.011247185
11/22/2016,0.016366631
11/23/2016,-0.008987846
11/24/2016,-0.005781665
11/25/2016,0.001837101
11/26/2016,-0.008450046
11/27/2016,-0.004551438
11/28/2016,0.005160976
11/29/2016,-0.000284018
11/30/2016,0.013712507
12/1/2016,0.014862736
12/2/2016,0.027973983
12/3/2016,-0.008726773
12/4/2016,0.00352326
12/5/2016,-0.019605305
12/6/2016,0.007280858
12/7/2016,0.00511371
12/8/2016,0.003486352
12/9/2016,0.002573927
12/10/2016,0.002401698
12/11/2016,-0.006349972
12/12/2016,0.013453995
12/13/2016,0.000601286
12/14/2016,0.001185037
12/15/2016,-0.004341763
12/16/2016,0.008763751
12/17/2016,0.007544839
12/18/2016,-0.000378021
12/19/2016,0.002762653
12/20/2016,0.010296257
12/21/2016,0.041710615
12/22/2016,0.036269521
12/23/2016,0.066444621
12/24/2016,-0.025121897
12/25/2016,-0.002936108
12/26/2016,0.012750746
12/27/2016,0.02819274
12/28/2016,0.045781305
12/29/2016,-0.002483819
12/30/2016,-0.01259278
12/31/2016,0.002606019
1/1/2017,0.035883043
1/2/2017,0.02346429
1/3/2017,0.021619737
1/4/2017,0.106232773
1/5/2017,-0.122409549
1/6/2017,-0.109711081
1/7/2017,0.007076065
1/8/2017,0.002876949
1/9/2017,-0.009186766
1/10/2017,0.005373131
1/11/2017,-0.1431365
1/12/2017,0.03481417
1/13/2017,0.023793757
1/14/2017,-0.006762293
1/15/2017,0.004137264
1/16/2017,0.011847222
1/17/2017,0.091883185
1/18/2017,-0.023481788
1/19/2017,0.014047783
1/20/2017,-0.0045013
1/21/2017,0.029901925
1/22/2017,0.003128668
1/23/2017,-0.003959183
1/24/2017,-0.030754226
1/25/2017,0.009919468
1/26/2017,0.017796183
1/27/2017,0.002358364
1/28/2017,0.002000573
1/29/2017,-0.00227222
1/30/2017,0.000963623
1/31/2017,0.054348081
2/1/2017,0.019187899
2/2/2017,0.023029775
2/3/2017,0.01789884
2/4/2017,0.012612743
2/5/2017,-0.014919991
2/6/2017,0.010522377
2/7/2017,0.022347397
2/8/2017,0.00162055
2/9/2017,-0.064611883
2/10/2017,-0.005741233
2/11/2017,0.015956727
2/12/2017,-0.005245639
2/13/2017,-0.008546
2/14/2017,0.014039339
2/15/2017,0.002916722
2/16/2017,0.019811769
2/17/2017,0.018268727
2/18/2017,0.007847453
2/19/2017,-0.006211992
2/20/2017,0.0306431
2/21/2017,0.032704373
2/22/2017,0.00191867
2/23/2017,0.04410083
2/24/2017,0.005965513
2/25/2017,-0.02542438
2/26/2017,0.018673928
2/27/2017,0.012675953
2/28/2017,0
3/1/2017,0.036043315
3/2/2017,0.023321071
3/3/2017,0.019168496
3/4/2017,-0.01556088
3/5/2017,0.009536685
3/6/2017,0.004506251
3/7/2017,-0.038724668
3/8/2017,-0.060104318
3/9/2017,0.033469557
3/10/2017,-0.060387568
3/11/2017,0.052931789
3/12/2017,0.038738636
3/13/2017,0.008629615
3/14/2017,0.006558832
3/15/2017,0.007749988
3/16/2017,-0.049455372
3/17/2017,-0.073732393
3/18/2017,-0.114895967
3/19/2017,0.064613714
3/20/2017,0.01687018
3/21/2017,0.062899045
3/22/2017,-0.063719298
3/23/2017,-0.010055902
3/24/2017,-0.09731458
3/25/2017,0.037608767
3/26/2017,-0.006223424
3/27/2017,0.081765803
3/28/2017,0.001319606
3/29/2017,-0.006856757
3/30/2017,-0.013019527
3/31/2017,0.044191989
4/1/2017,0.008126555
4/2/2017,0.020055571
4/3/2017,0.037780028
4/4/2017,-0.009232353
4/5/2017,-0.007474053
4/6/2017,0.051476754
4/7/2017,-0.00488723
4/8/2017,-0.000807268
4/9/2017,0.010136523
4/10/2017,-0.000622956
4/11/2017,0.015061539
4/12/2017,-0.003850603
4/13/2017,-0.025900319
4/14/2017,-0.001488087
4/15/2017,0.004265362
4/16/2017,0.008886775
4/17/2017,0.009273584
4/18/2017,0.014875501
4/19/2017,-0.001138928
4/20/2017,0.015525136
4/21/2017,-0.00571965
4/22/2017,0.007904678
4/23/2017,-0.019891046
4/24/2017,0.035569673
4/25/2017,0.0122705
4/26/2017,0.012319312
4/27/2017,0.028608694
4/28/2017,-0.000948601
4/29/2017,0.004033528
4/30/2017,0.019745932
5/1/2017,0.054685442
5/2/2017,0.02196115
5/3/2017,0.025653571
5/4/2017,0.03193101
5/5/2017,0.011562888
5/6/2017,0.015011796
5/7/2017,0.011344003
5/8/2017,0.079313099
5/9/2017,0.018574294
5/10/2017,0.018098863
5/11/2017,0.034379111
5/12/2017,-0.067257372
5/13/2017,0.046785856
5/14/2017,0.002216177
5/15/2017,-0.038962679
5/16/2017,-0.002289481
5/17/2017,0.060330374
5/18/2017,0.026948143
5/19/2017,0.052450129
5/20/2017,0.048809948
5/21/2017,-0.020880416
5/22/2017,0.064765802
5/23/2017,0.067645176
5/24/2017,0.053102445
5/25/2017,-0.056743186
5/26/2017,-0.044494989
5/27/2017,-0.074259193
5/28/2017,0.057350422
5/29/2017,0.046298384
5/30/2017,-0.035529251
5/31/2017,0.050995851
6/1/2017,0.053126944
6/2/2017,0.033502571
6/3/2017,0.010769343
6/4/2017,-0.001407374
6/5/2017,0.069670873
6/6/2017,0.065650302
6/7/2017,-0.045766988
6/8/2017,0.026887227
6/9/2017,0.006483394
6/10/2017,0.043876854
6/11/2017,0.003528212
6/12/2017,-0.100902338
6/13/2017,0.021578242
6/14/2017,-0.077529757
6/15/2017,-0.016673531
6/16/2017,0.021902303
6/17/2017,0.054523149
6/18/2017,-0.040510056
6/19/2017,0.016210894
6/20/2017,0.051046469
6/21/2017,-0.012010457
6/22/2017,0.006065157
6/23/2017,0.014600375
6/24/2017,-0.04961545
6/25/2017,-0.00740212
6/26/2017,-0.042851447
6/27/2017,0.029857371
6/28/2017,0.00875241
6/29/2017,-0.013775869
6/30/2017,-0.023029779
7/1/2017,-0.018659018
7/2/2017,0.029541361
7/3/2017,0.022976572
7/4/2017,0.014656378
7/5/2017,0.000134568
7/6/2017,0.002525017
7/7/2017,-0.034463514
7/8/2017,0.020915954
7/9/2017,-0.020572987
7/10/2017,-0.057924702
7/11/2017,-0.014655064
7/12/2017,0.026114428
7/13/2017,-0.017066659
7/14/2017,-0.052826591
7/15/2017,-0.104990773
7/16/2017,-0.034539707
7/17/2017,0.154724261
7/18/2017,0.040598442
7/19/2017,-0.019599959
7/20/2017,0.23936087
7/21/2017,-0.053180041
7/22/2017,0.053363161
7/23/2017,-0.028368971
7/24/2017,0.00895847
7/25/2017,-0.064751065
7/26/2017,-0.018253598
7/27/2017,0.056269181
7/28/2017,0.051362754
7/29/2017,-0.029391159
7/30/2017,0.01127106
7/31/2017,0.042855439
8/1/2017,-0.054630087
8/2/2017,-0.00279226
8/3/2017,0.034699931
8/4/2017,0.032502206
8/5/2017,0.123285081
8/6/2017,-0.011980034
8/7/2017,0.051338856
8/8/2017,0.012133983
8/9/2017,-0.022652436
8/10/2017,0.011611191
8/11/2017,0.07965625
8/12/2017,0.06412331
8/13/2017,0.048536455
8/14/2017,0.061834961
8/15/2017,-0.033108765
8/16/2017,0.046557379
8/17/2017,-0.010268161
8/18/2017,-0.039492629
8/19/2017,0.007950757
8/20/2017,-0.025285614
8/21/2017,-0.021019342
8/22/2017,0.02468427
8/23/2017,0.012437447
8/24/2017,0.044118818
8/25/2017,0.008517335
8/26/2017,-0.004392029
8/27/2017,0.007003028
8/28/2017,-5.01E-05
8/29/2017,0.044803808
8/30/2017,-0.002996321
8/31/2017,0.030247812
9/1/2017,0.040102909
9/2/2017,-0.064030891
9/3/2017,0.00091508
9/4/2017,-0.075638868
9/5/2017,0.033099496
9/6/2017,0.050403023
9/7/2017,0.000600325
9/8/2017,-0.080682516
9/9/2017,-0.000636108
9/10/2017,-0.024401006
9/11/2017,0.009296783
9/12/2017,-0.007319871
9/13/2017,-0.060089902
9/14/2017,-0.187411012
9/15/2017,0.152956489
9/16/2017,-0.003430904
9/17/2017,-0.011630259
9/18/2017,0.134617984
9/19/2017,-0.034495223
9/20/2017,-0.004845902
9/21/2017,-0.070382344
9/22/2017,-9.37E-05
9/23/2017,0.044536853
9/24/2017,-0.028889309
9/25/2017,0.066044133
9/26/2017,-0.008588734
9/27/2017,0.07921174
9/28/2017,-0.006175192
9/29/2017,-0.002793032
9/30/2017,0.042190053
10/1/2017,0.014988389
10/2/2017,0.001267012
10/3/2017,-0.020828574
10/4/2017,-0.020410081
10/5/2017,0.023419689
10/6/2017,0.009795722
10/7/2017,0.012830591
10/8/2017,0.041471516
10/9/2017,0.035037575
10/10/2017,0.002089307
10/11/2017,0.009303605
10/12/2017,0.128547135
10/13/2017,0.036773106
10/14/2017,0.032685181
10/15/2017,-0.026338414
10/16/2017,0.008347713
10/17/2017,-0.020972525
10/18/2017,-0.002643796
10/19/2017,0.021076125
10/20/2017,0.053066325
10/21/2017,0.00335192
10/22/2017,-0.003843122
10/23/2017,-0.012998442
10/24/2017,-0.068070475
10/25/2017,0.040559845
10/26/2017,0.026784148
10/27/2017,-0.020987933
10/28/2017,-0.00481068
10/29/2017,0.069660003
10/30/2017,-0.003789548
10/31/2017,0.055112711
11/1/2017,0.046210834
11/2/2017,0.045984289
11/3/2017,0.018260898
11/4/2017,0.023889591
11/5/2017,0.003720887
11/6/2017,-0.051927783
11/7/2017,0.017317995
11/8/2017,0.044134
11/9/2017,-0.042375738
11/10/2017,-0.073554147
11/11/2017,-0.039367562
11/12/2017,-0.064101275
11/13/2017,0.102422396
11/14/2017,0.011625868
11/15/2017,0.102443588
11/16/2017,0.076023082
11/17/2017,-0.020668968
11/18/2017,0.010527925
11/19/2017,0.031622027
11/20/2017,0.02042551
11/21/2017,-0.015776804
11/22/2017,0.022585079
11/23/2017,-0.026022716
11/24/2017,0.026735484
11/25/2017,0.06508961
11/26/2017,0.061384916
11/27/2017,0.052279856
11/28/2017,0.024489879
11/29/2017,-0.016919459
11/30/2017,0.034887537
12/1/2017,0.072506257
12/2/2017,0.009020008
12/3/2017,0.022447817
12/4/2017,0.029496961
12/5/2017,0.02226092
12/6/2017,0.199283339
12/7/2017,0.252471694
12/8/2017,-0.074319619
12/9/2017,-0.083962012
12/10/2017,0.018263048
12/11/2017,0.095850017
12/12/2017,0.02825797
12/13/2017,-0.057833937
12/14/2017,0.0094953
12/15/2017,0.068999058
12/16/2017,0.101118771
12/17/2017,-0.018289598
12/18/2017,-0.001389783
12/19/2017,-0.069974158
12/20/2017,-0.064809535
12/21/2017,-0.049426707
12/22/2017,-0.124730305
12/23/2017,0.062710595
12/24/2017,-0.052615134
12/25/2017,0.007238349
12/26/2017,0.147804903
12/27/2017,-0.016230003
12/28/2017,-0.077785144
12/29/2017,0.003402608
12/30/2017,-0.116264787
12/31/2017,0.092972636
1/1/2018,-0.035263215
1/2/2018,0.097011056
1/3/2018,0.014610795
1/4/2018,0.026195658
1/5/2018,0.117332926
1/6/2018,0.005593964
1/7/2018,-0.059873361
1/8/2018,-0.07935015
1/9/2018,-0.037883681
1/10/2018,0.025891678
1/11/2018,-0.104686343
1/12/2018,0.04287695
1/13/2018,0.027151953
1/14/2018,-0.040960445
1/15/2018,0.003470796
1/16/2018,-0.168548014
1/17/2018,-0.026273912
1/18/2018,0.025588616
1/19/2018,0.011546941
1/20/2018,0.111291052
1/21/2018,-0.100711716
1/22/2018,-0.057645989
1/23/2018,-0.005763214
1/24/2018,0.045176841
1/25/2018,-0.008803282
1/26/2018,-0.007815692
1/27/2018,0.024106181
1/28/2018,0.030207907
1/29/2018,-0.041565158
1/30/2018,-0.105352196
1/31/2018,0.011359232
2/1/2018,-0.10278342
2/2/2018,-0.037052348
2/3/2018,0.038972925
2/4/2018,-0.097864761
2/5/2018,-0.159688074
2/6/2018,0.114838098
2/7/2018,-0.017113773
2/8/2018,0.084538078
2/9/2018,0.057030488
2/10/2018,-0.013171608
2/11/2018,-0.057055887
2/12/2018,0.097983151
2/13/2018,-0.036773445
2/14/2018,0.104243782
2/15/2018,0.07075268
2/16/2018,0.006639518
2/17/2018,0.085871444
2/18/2018,-0.050473817
2/19/2018,0.063827974
2/20/2018,0.015892706
2/21/2018,-0.062549856
2/22/2018,-0.064113631
2/23/2018,0.029595163
2/24/2018,-0.047376427
2/25/2018,-0.015116558
2/26/2018,0.072632106
2/27/2018,0.03462041
2/28/2018,-0.030552998
3/1/2018,0.053193394
3/2/2018,0.012364203
3/3/2018,0.036377886
3/4/2018,0.001993038
3/5/2018,0.005272501
3/6/2018,-0.068554295
3/7/2018,-0.075541522
3/8/2018,-0.057253176
3/9/2018,-0.006116009
3/10/2018,-0.050500379
3/11/2018,0.080377835
3/12/2018,-0.03899407
3/13/2018,-0.001115739
3/14/2018,-0.100604151
3/15/2018,0.003754715
3/16/2018,0.00451631
3/17/2018,-0.050545941
3/18/2018,0.038752616
3/19/2018,0.049487665
3/20/2018,0.03276918
3/21/2018,0.001773781
3/22/2018,-0.022488996
3/23/2018,0.01731694
3/24/2018,-0.023818587
3/25/2018,-0.019882032
3/26/2018,-0.033708485
3/27/2018,-0.045845048
3/28/2018,0.015503552
3/29/2018,-0.099161703
3/30/2018,-0.038402413
3/31/2018,0.012046952
4/1/2018,-0.018541515
4/2/2018,0.035003181
4/3/2018,0.052557959
4/4/2018,-0.080775368
4/5/2018,-0.006181882
4/6/2018,-0.025714036
4/7/2018,0.041403975
4/8/2018,0.016268082
4/9/2018,-0.03599193
4/10/2018,0.009456851
4/11/2018,0.019541295
4/12/2018,0.132159573
4/13/2018,0.000850519
4/14/2018,0.01143373
4/15/2018,0.042932607
4/16/2018,-0.032469306
4/17/2018,-0.019430015
4/18/2018,0.033071008
4/19/2018,0.016033678
4/20/2018,0.066493842
4/21/2018,0.005624119
4/22/2018,-0.010468133
4/23/2018,0.014589095
4/24/2018,0.08583926
4/25/2018,-0.087832922
4/26/2018,0.049263207
4/27/2018,-0.031725438
4/28/2018,0.040216831
4/29/2018,0.007551988
4/30/2018,-0.018954109
5/1/2018,-0.013152901
5/2/2018,0.012820488
5/3/2018,0.054996192
5/4/2018,-0.004423358
5/5/2018,0.016224567
5/6/2018,-0.020627661
5/7/2018,-0.029186523
5/8/2018,-0.014743338
5/9/2018,0.009784638
5/10/2018,-0.030159125
5/11/2018,-0.066613685
5/12/2018,0.007510453
5/13/2018,0.025755864
5/14/2018,-0.000819629
5/15/2018,-0.023679606
5/16/2018,-0.016632607
5/17/2018,-0.032801509
5/18/2018,0.019353066
5/19/2018,-0.000459345
5/20/2018,0.032261976
5/21/2018,-0.011072125
5/22/2018,-0.044804714
5/23/2018,-0.060180703
5/24/2018,0.003905891
5/25/2018,-0.01412876
5/26/2018,-0.016612022
5/27/2018,0.001677615
5/28/2018,-0.031517785
5/29/2018,0.047169292
5/30/2018,-0.008841623
5/31/2018,0.011834155
6/1/2018,0.006308941
6/2/2018,0.01352525
6/3/2018,0.010047793
6/4/2018,-0.026654549
6/5/2018,0.015874646
6/6/2018,0.002648788
6/7/2018,0.003169626
6/8/2018,-0.00694434
6/9/2018,-0.012188973
6/10/2018,-0.099039026
6/11/2018,0.017816025
6/12/2018,-0.046990563
6/13/2018,-0.035315596
6/14/2018,0.051252807
6/15/2018,-0.032772816
6/16/2018,0.014493753
6/17/2018,-0.007769297
6/18/2018,0.036242502
6/19/2018,0.005214708
6/20/2018,0.000976355
6/21/2018,-0.006907582
6/22/2018,-0.095999291
6/23/2018,0.012951028
6/24/2018,0.001744428
6/25/2018,0.012303153
6/26/2018,-0.024884905
6/27/2018,0.010414079
6/28/2018,-0.04120263
6/29/2018,0.053334982
6/30/2018,0.0298635
7/1/2018,-0.002838878
7/2/2018,0.035760538
7/3/2018,-0.012789239
7/4/2018,0.010407998
7/5/2018,0.006303906
7/6/2018,0.005175348
7/7/2018,0.027486353
7/8/2018,-0.012111877
7/9/2018,-0.004743202
7/10/2018,-0.061082034
7/11/2018,0.010230691
7/12/2018,-0.025943304
7/13/2018,0.001483389
7/14/2018,0.006102919
7/15/2018,0.013307588
7/16/2018,0.060083567
7/17/2018,0.085925767
7/18/2018,0.006794082
7/19/2018,0.013035266
7/20/2018,-0.015097375
7/21/2018,0.008860349
7/22/2018,-0.000107801
7/23/2018,0.039444634
7/24/2018,0.092484698
7/25/2018,-0.028830914
7/26/2018,-0.028089366
7/27/2018,0.026841167
7/28/2018,0.003324016
7/29/2018,0.003211559
7/30/2018,-0.004621301
7/31/2018,-0.048901781
8/1/2018,-0.019989845
8/2/2018,-0.007575205
8/3/2018,-0.017544223
8/4/2018,-0.054011161
8/5/2018,0.005066208
8/6/2018,-0.01650711
8/7/2018,-0.028579604
8/8/2018,-0.066239058
8/9/2018,0.04161727
8/10/2018,-0.058390163
8/11/2018,0.017950724
8/12/2018,0.004282261
8/13/2018,-0.003973011
8/14/2018,-0.015539306
8/15/2018,0.01755083
8/16/2018,0.004154693
8/17/2018,0.03881774
8/18/2018,-0.023838161
8/19/2018,0.012813377
8/20/2018,-0.030362422
8/21/2018,0.028569253
8/22/2018,-0.017268293
8/23/2018,0.024804315
8/24/2018,0.028321879
8/25/2018,0.006433071
8/26/2018,-0.008269792
8/27/2018,0.026446027
8/28/2018,0.030740844
8/29/2018,-0.006921884
8/30/2018,-0.00978127
8/31/2018,0.008505036
9/1/2018,0.022119808
9/2/2018,0.011047887
9/3/2018,-0.001740773
9/4/2018,0.013994388
9/5/2018,-0.077269266
9/6/2018,-0.038814478
9/7/2018,-0.009511178
9/8/2018,-0.03727961
9/9/2018,0.012027003
9/10/2018,0.004577206
9/11/2018,-0.001342876
9/12/2018,0.004840791
9/13/2018,0.026057221
9/14/2018,-0.000705828
9/15/2018,0.004681651
9/16/2018,-0.00397665
9/17/2018,-0.036208908
9/18/2018,0.01434433
9/19/2018,0.00427546
9/20/2018,0.018930863
9/21/2018,0.033020119
9/22/2018,-0.001925807
9/23/2018,-0.001688505
9/24/2018,-0.017169733
9/25/2018,-0.022582362
9/26/2018,0.007528117
9/27/2018,0.027983064
9/28/2018,-0.004885628
9/29/2018,-0.006346944
9/30/2018,0.003574711
10/1/2018,-0.005424438
10/2/2018,-0.005086791
10/3/2018,-0.008161903
10/4/2018,0.011395475
10/5/2018,0.006962475
10/6/2018,-0.005159687
10/7/2018,0.002222138
10/8/2018,0.007463298
10/9/2018,-0.001441598
10/10/2018,-0.008597538
10/11/2018,-0.050001983
10/12/2018,0.002931448
10/13/2018,0.001818473
10/14/2018,0.000785865
10/15/2018,0.04857944
10/16/2018,-6.52E-05
10/17/2018,-0.007834874
10/18/2018,-0.010347763
10/19/2018,-0.001744683
10/20/2018,0.003678001
10/21/2018,-0.001054037
10/22/2018,0.000742024
10/23/2018,-0.001760388
10/24/2018,0.003103832
10/25/2018,-0.003009588
10/26/2018,-0.000237796
10/27/2018,0.000869514
10/28/2018,0.000927454
10/29/2018,-0.023705058
10/30/2018,0.000258998
10/31/2018,-0.002630162
11/1/2018,0.009524159
11/2/2018,0.001671453
11/3/2018,-0.004254587
11/4/2018,0.002337606
11/5/2018,0.006827068
11/6/2018,0.00644109
11/7/2018,0.010699623
11/8/2018,-0.011702647
11/9/2018,-0.010552068
11/10/2018,0.003695819
11/11/2018,0.000319821
11/12/2018,-0.006239013
11/13/2018,-0.001848891
11/14/2018,-0.097671372
11/15/2018,-0.01573977
11/16/2018,-0.01283279
11/17/2018,-0.003805854
11/18/2018,0.012460542
11/19/2018,-0.133732453
11/20/2018,-0.086137937
11/21/2018,0.033761049
11/22/2018,-0.05133013
11/23/2018,-0.004312949
11/24/2018,-0.107278138
11/25/2018,0.033295015
11/26/2018,-0.057566538
11/27/2018,0.011005202
11/28/2018,0.114297817
11/29/2018,0.005032803
11/30/2018,-0.061132858
12/1/2018,0.049138692
12/2/2018,-0.01774609
12/3/2018,-0.059360946
12/4/2018,0.016117316
12/5/2018,-0.051277324
12/6/2018,-0.062038728
12/7/2018,-0.028730936
12/8/2018,0.016426468
12/9/2018,0.03973391
12/10/2018,-0.030871924
12/11/2018,-0.022288192
12/12/2018,0.018210091
12/13/2018,-0.049691834
12/14/2018,-0.021484405
12/15/2018,-0.001765049
12/16/2018,0.004967123
12/17/2018,0.09008304
12/18/2018,0.042357604
12/19/2018,0.013498594
12/20/2018,0.103709513
12/21/2018,-0.057540471
12/22/2018,0.03019058
12/23/2018,-0.00378717
12/24/2018,0.0199098
12/25/2018,-0.064509502
12/26/2018,0.010957145
12/27/2018,-0.05248859
12/28/2018,0.073624477
12/29/2018,-0.026379244
12/30/2018,0.011921223
12/31/2018,-0.031881456
1/1/2019,0.026937657
1/2/2019,0.025989042
1/3/2019,-0.027049743
1/4/2019,0.005467223
1/5/2019,-0.003246207
1/6/2019,0.060188889
1/7/2019,-0.012604589
1/8/2019,0.001391121
1/9/2019,0.001103611
1/10/2019,-0.088313668
1/11/2019,0.002294398
1/12/2019,-0.007068584
1/13/2019,-0.029592732
1/14/2019,0.043090667
1/15/2019,-0.02033888
1/16/2019,0.006701658
1/17/2019,0.006445167
1/18/2019,-0.005633886
1/19/2019,0.019336279
1/20/2019,-0.034210098
1/21/2019,-0.006937269
1/22/2019,0.00798222
1/23/2019,-0.005397055
1/24/2019,0.004391044
1/25/2019,-0.000305374
1/26/2019,0.000748543
1/27/2019,-0.005133888
1/28/2019,-0.03167312
1/29/2019,-0.006435331
1/30/2019,0.011039271
1/31/2019,-0.008143269
2/1/2019,0.008720184
2/2/2019,0.009494265
2/3/2019,-0.016201755
2/4/2019,-0.001402816
2/5/2019,0.002082408
2/6/2019,-0.01517143
2/7/2019,-0.00418779
2/8/2019,0.078632393
2/9/2019,0.001206328
2/10/2019,0.005171225
2/11/2019,-0.011315837
2/12/2019,0.001397286
2/13/2019,-0.005873228
2/14/2019,-0.004182104
2/15/2019,0.001086553
2/16/2019,0.002479226
2/17/2019,0.012135306
2/18/2019,0.06583804
2/19/2019,0.008013896
2/20/2019,0.013358199
2/21/2019,-0.011426111
2/22/2019,0.013001242
2/23/2019,0.034202805
2/24/2019,-0.080168307
2/25/2019,0.018966061
2/26/2019,-0.007298634
2/27/2019,-0.00085891
2/28/2019,0.000970655
3/1/2019,0.001244775
3/2/2019,0.001251767
3/3/2019,-0.004461026
3/4/2019,-0.022254936
3/5/2019,0.035840974
3/6/2019,0.001942222
3/7/2019,0.001931829
3/8/2019,-0.002646766
3/9/2019,0.015939511
3/10/2019,-0.002955574
3/11/2019,-0.011735135
3/12/2019,0.001006076
3/13/2019,-0.000623911
3/14/2019,0.004518334
3/15/2019,0.009311558
3/16/2019,0.022170328
3/17/2019,-0.005803511
3/18/2019,0.001808175
3/19/2019,0.009592757
3/20/2019,0.004000337
3/21/2019,-0.014226239
3/22/2019,-0.00132991
3/23/2019,0.002946881
3/24/2019,-0.003384239
3/25/2019,-0.014692985
3/26/2019,0.005553839
3/27/2019,0.02559179
3/28/2019,-0.004394102
3/29/2019,0.007192569
3/30/2019,0.00202169
3/31/2019,-0.00030581
4/1/2019,0.012855934
4/2/2019,0.173560136
4/3/2019,0.019087372
4/4/2019,-0.01009912
4/5/2019,0.023133654
4/6/2019,0.004593547
4/7/2019,0.027487077
4/8/2019,0.017479481
4/9/2019,-0.016033303
4/10/2019,0.022976794
4/11/2019,-0.048842415
4/12/2019,0.004946457
4/13/2019,0.001384676
4/14/2019,0.013957527
4/15/2019,-0.019469655
4/16/2019,0.033244043
4/17/2019,0.003128303
4/18/2019,0.008843927
4/19/2019,0.001024229
4/20/2019,0.006424384
4/21/2019,-0.004375324
4/22/2019,0.015962647
4/23/2019,0.032040261
4/24/2019,-0.01929085
4/25/2019,-0.04654296
4/26/2019,0.013210309
4/27/2019,-0.002094412
4/28/2019,0.003198028
4/29/2019,-0.007149598
4/30/2019,0.019700225
5/1/2019,0.009712831
5/2/2019,0.018988002
5/3/2019,0.047773353
5/4/2019,0.01090062
5/5/2019,-0.006080941
5/6/2019,-0.008437513
5/7/2019,0.014389614
5/8/2019,0.026238274
5/9/2019,0.032105751
5/10/2019,0.033090835
5/11/2019,0.129478272
5/12/2019,-0.032256388
5/13/2019,0.120840298
5/14/2019,0.022969025
5/15/2019,0.026362395
5/16/2019,-0.039031351
5/17/2019,-0.068613811
5/18/2019,-0.009897676
5/19/2019,0.127417816
5/20/2019,-0.026761244
5/21/2019,-0.001877772
5/22/2019,-0.035570712
5/23/2019,0.026273246
5/24/2019,0.013388348
5/25/2019,0.008159425
5/26/2019,0.077077738
5/27/2019,0.015284123
5/28/2019,-0.009745465
5/29/2019,-0.006935192
5/30/2019,-0.039264986
5/31/2019,0.030654503
6/1/2019,-0.001222853
6/2/2019,0.020894566
6/3/2019,-0.061073482
6/4/2019,-0.061057914
6/5/2019,0.015109485
6/6/2019,-0.000282201
6/7/2019,0.028372164
6/8/2019,-0.011166557
6/9/2019,-0.03344814
6/10/2019,0.040615155
6/11/2019,-0.00907653
6/12/2019,0.027516514
6/13/2019,0.010442904
6/14/2019,0.056240246
6/15/2019,0.016625807
6/16/2019,0.01766312
6/17/2019,0.036229327
6/18/2019,-0.0255988
6/19/2019,0.02111471
6/20/2019,0.027350847
6/21/2019,0.064803832
6/22/2019,0.054919578
6/23/2019,0.014360318
6/24/2019,0.014346027
6/25/2019,0.070820742
6/26/2019,0.1039202
6/27/2019,-0.140856807
6/28/2019,0.109500721
6/29/2019,-0.036104534
6/30/2019,-0.095508017
7/1/2019,-0.021634201
7/2/2019,0.020650117
7/3/2019,0.107352934
7/4/2019,-0.062353919
7/5/2019,-0.021129585
7/6/2019,0.020958388
7/7/2019,0.021617059
7/8/2019,0.072930094
7/9/2019,0.023429552
7/10/2019,-0.033188009
7/11/2019,-0.065631535
7/12/2019,0.040262155
7/13/2019,-0.035850365
7/14/2019,-0.099743901
7/15/2019,0.062307683
7/16/2019,-0.13009973
7/17/2019,0.022807481
7/18/2019,0.100340363
7/19/2019,-0.012726782
7/20/2019,0.022449267
7/21/2019,-0.015606204
7/22/2019,-0.02415289
7/23/2019,-0.042766539
7/24/2019,-0.008973223
7/25/2019,0.01018312
7/26/2019,-0.004190754
7/27/2019,-0.03977851
7/28/2019,0.007932599
7/29/2019,-0.003529293
7/30/2019,0.009273765
7/31/2019,0.049774436
8/1/2019,0.031137478
8/2/2019,0.011395157
8/3/2019,0.028859737
8/4/2019,0.013718514
8/5/2019,0.076158131
8/6/2019,-0.027739623
8/7/2019,0.040407125
8/8/2019,0.002046436
8/9/2019,-0.008646764
8/10/2019,-0.042899337
8/11/2019,0.014933444
8/12/2019,-0.012232562
8/13/2019,-0.042765751
8/14/2019,-0.077472388
8/15/2019,0.025850522
8/16/2019,0.006089579
8/17/2019,-0.013744946
8/18/2019,0.011148286
8/19/2019,0.055118269
8/20/2019,-0.013999683
8/21/2019,-0.058085024
8/22/2019,-0.00068989
8/23/2019,0.027332707
8/24/2019,-0.023828281
8/25/2019,-0.002110575
8/26/2019,0.02291289
8/27/2019,-0.017869398
8/28/2019,-0.04232263
8/29/2019,-0.02503712
8/30/2019,0.00925045
8/31/2019,0.003385043
9/1/2019,0.013218885
9/2/2019,0.060339394
9/3/2019,0.026750333
9/4/2019,-0.002734199
9/5/2019,-0.001789605
9/6/2019,-0.021013642
9/7/2019,0.015835734
9/8/2019,-0.007224177
9/9/2019,-0.010180916
9/10/2019,-0.021190088
9/11/2019,0.006168113
9/12/2019,0.022769347
9/13/2019,-0.004762678
9/14/2019,-0.000241111
9/15/2019,-0.000997865
9/16/2019,-0.006853586
9/17/2019,-0.003456475
9/18/2019,-0.004201081
9/19/2019,0.006684187
9/20/2019,-0.008257355
9/21/2019,-0.015903605
9/22/2019,0.005057606
9/23/2019,-0.033868427
9/24/2019,-0.113960414
9/25/2019,-0.015494718
9/26/2019,-0.04336346
9/27/2019,0.016366358
9/28/2019,-0.000718708
9/29/2019,-0.017187843
9/30/2019,0.023405513
10/1/2019,0.005957197
10/2/2019,0.005964758
10/3/2019,-0.015852394
10/4/2019,-0.006543921
10/5/2019,-0.006634093
10/6/2019,-0.020038608
10/7/2019,0.03223113
10/8/2019,-0.002042277
10/9/2019,0.044594325
10/10/2019,-0.001078046
10/11/2019,-0.030829513
10/12/2019,0.00177833
10/13/2019,-0.001865255
10/14/2019,0.006451223
10/15/2019,-0.020217758
10/16/2019,-0.019236464
10/17/2019,0.007006411
10/18/2019,-0.016128461
10/19/2019,0.001925577
10/20/2019,0.029231496
10/21/2019,0.002632252
10/22/2019,-0.020078019
10/23/2019,-0.06975948
10/24/2019,-0.0028189
10/25/2019,0.155763418
10/26/2019,0.067462497
10/27/2019,0.03317935
10/28/2019,-0.030943805
10/29/2019,0.018532445
10/30/2019,-0.023543519
10/31/2019,-0.00066715
11/1/2019,0.006687207
11/2/2019,0.006868866
11/3/2019,-0.009583484
11/4/2019,0.019193396
11/5/2019,-0.007445857
11/6/2019,0.001964408
11/7/2019,-0.009968973
11/8/2019,-0.049924747
11/9/2019,0.000988221
11/10/2019,0.027451306
11/11/2019,-0.03287918
11/12/2019,0.006608292
11/13/2019,-0.000839349
11/14/2019,-0.011372046
11/15/2019,-0.024816283
11/16/2019,0.006920467
11/17/2019,0.003182739
11/18/2019,-0.031323178
11/19/2019,-0.012412694
11/20/2019,-0.021797986
11/21/2019,-0.047901486
11/22/2019,-0.045294215
11/23/2019,0.013872153
11/24/2019,-0.047295146
11/25/2019,0.013935578
11/26/2019,0.010108586
11/27/2019,0.043402102
11/28/2019,-0.009102586
11/29/2019,0.039948206
11/30/2019,-0.024688539
12/1/2019,-0.019200067
12/2/2019,-0.013779656
12/3/2019,-0.000251677
12/4/2019,-0.009304575
12/5/2019,0.027064535
12/6/2019,0.013249851
12/7/2019,0.001224489
12/8/2019,0.001072944
12/9/2019,-0.021607396
12/10/2019,-0.016589846
12/11/2019,-0.00833902
12/12/2019,0.0035618
12/13/2019,0.003665581
12/14/2019,-0.019947322
12/15/2019,0.003877782
12/16/2019,-0.030734342
12/17/2019,-0.042115565
12/18/2019,0.095819012
12/19/2019,-0.010163598
12/20/2019,0.002217481
12/21/2019,-0.003831337
12/22/2019,0.044558908
12/23/2019,-0.020762644
12/24/2019,-0.004499438
12/25/2019,-0.006469956
12/26/2019,-0.004974322
12/27/2019,0.007062
12/28/2019,0.003827369
12/29/2019,0.014302096
12/30/2019,-0.01746784
12/31/2019,-0.013628968
1/1/2020,0.000914034
1/2/2020,-0.029819292
1/3/2020,0.051451663
1/4/2020,0.008954867
1/5/2020,8.91479061273515e-05
1/6/2020,0.04829126
1/7/2020,0.050773846
1/8/2020,-0.010268588
1/9/2020,-0.024850856
1/10/2020,0.036486903
1/11/2020,-0.015798169
1/12/2020,0.019279106
1/13/2020,-0.005895617
1/14/2020,0.083933448
1/15/2020,-0.002350981
1/16/2020,-0.009449814
1/17/2020,0.023527852
1/18/2020,0.001542216
1/19/2020,-0.026452929
1/20/2020,-0.005582491
1/21/2020,0.010193532
1/22/2020,-0.00743418
1/23/2020,-0.031605146
1/24/2020,0.004629617
1/25/2020,-0.009186847
1/26/2020,0.027364554
1/27/2020,0.036407519
1/28/2020,0.050368082
1/29/2020,-0.004483577
1/30/2020,0.020647303
1/31/2020,-0.016664632
2/1/2020,0.004528696
2/2/2020,-0.005164528
2/3/2020,-0.005441113
2/4/2020,-0.012111512
2/5/2020,0.047104094
2/6/2020,0.012105773
2/7/2020,0.006797837
2/8/2020,0.007061676
2/9/2020,0.025499407
2/10/2020,-0.025706324
2/11/2020,0.035674025
2/12/2020,0.0115415
2/13/2020,-0.010814857
2/14/2020,0.009568503
2/15/2020,-0.040989783
2/16/2020,0.004551204
2/17/2020,-0.024590332
2/18/2020,0.046630224
2/19/2020,-0.050148844
2/20/2020,-0.002585916
2/21/2020,0.008114276
2/22/2020,-0.00240127
2/23/2020,0.0270443
2/24/2020,-0.027642742
2/25/2020,-0.031965196
2/26/2020,-0.055790952
2/27/2020,-0.004084602
2/28/2020,-0.012754185
2/29/2020,-0.008411262
3/1/2020,-0.004308931
3/2/2020,0.035879412
3/3/2020,-0.009231887
3/4/2020,-0.003702871
3/5/2020,0.036951172
3/6/2020,0.004822596
3/7/2020,-0.023303999
3/8/2020,-0.089993493
3/9/2020,-0.022751484
3/10/2020,-0.001756141
3/11/2020,0.000215012
3/12/2020,-0.371695386
3/13/2020,0.119280672
3/14/2020,-0.065305527
3/15/2020,0.036910618
3/16/2020,-0.070069157
3/17/2020,0.042107938
3/18/2020,0.002451204
3/19/2020,0.181877557
3/20/2020,0.0012252
3/21/2020,-0.002212035
3/22/2020,-0.057365839
3/23/2020,0.100520487
3/24/2020,0.049637334
3/25/2020,-0.007979553
3/26/2020,0.005295182
3/27/2020,-0.036722144
3/28/2020,-0.035179534
3/29/2020,-0.051288199
3/30/2020,0.085747238
3/31/2020,0.001369044
4/1/2020,0.026112924
4/2/2020,0.028281288
4/3/2020,-0.00886674
4/4/2020,0.019921643
4/5/2020,-0.011124521
4/6/2020,0.070776424
4/7/2020,-0.013114627
4/8/2020,0.021972544
4/9/2020,-0.004364446
4/10/2020,-0.059790585
4/11/2020,-0.000933677
4/12/2020,0.016329995
4/13/2020,-0.018082418
4/14/2020,-0.000381278
4/15/2020,-0.029275848
4/16/2020,0.071467402
4/17/2020,-0.002897316
4/18/2020,0.022755957
4/19/2020,-0.009402505
4/20/2020,-0.042766468
4/21/2020,-0.000237615
4/22/2020,0.034429237
4/23/2020,0.043910071
4/24/2020,0.016309658
4/25/2020,0.002520912
4/26/2020,0.014522071
4/27/2020,0.015069777
4/28/2020,0.001469742
4/29/2020,0.127318052
4/30/2020,-0.016189496
5/1/2020,0.02381609
5/2/2020,0.013968792
5/3/2020,-0.010138171
5/4/2020,0.001706727
5/5/2020,0.010144679
5/6/2020,0.0295112
5/7/2020,0.073662141
5/8/2020,-0.010938284
5/9/2020,-0.025274609
5/10/2020,-0.087291521
5/11/2020,-0.017659566
5/12/2020,0.023562712
5/13/2020,0.052871935
5/14/2020,0.050025352
5/15/2020,-0.041661805
5/16/2020,0.005233209
5/17/2020,0.031324001
5/18/2020,0.005773699
5/19/2020,0.000253213
5/20/2020,-0.021179549
5/21/2020,-0.0463321
5/22/2020,0.011100867
5/23/2020,0.002908765
5/24/2020,-0.045488749
5/25/2020,0.013260697
5/26/2020,-0.008070323
5/27/2020,0.039158209
5/28/2020,0.037548496
5/29/2020,-0.009093976
5/30/2020,0.027681598
5/31/2020,-0.024674768
6/1/2020,0.074643863
6/2/2020,-0.062697748
6/3/2020,0.013317595
6/4/2020,0.014903505
6/5/2020,-0.013785177
6/6/2020,-0.00122637
6/7/2020,0.010894587
6/8/2020,0.001294898
6/9/2020,0.002477712
6/10/2020,0.007594611
6/11/2020,-0.055553011
6/12/2020,0.017063531
6/13/2020,-0.000587121
6/14/2020,-0.009338962
6/15/2020,0.006808938
6/16/2020,0.009239765
6/17/2020,-0.006056761
6/18/2020,-0.007216479
6/19/2020,-0.013156009
6/20/2020,0.004771983
6/21/2020,-0.003076499
6/22/2020,0.037091748
6/23/2020,-0.001975347
6/24/2020,-0.032820256
6/25/2020,-0.005239308
6/26/2020,-0.010998118
6/27/2020,-0.01282641
6/28/2020,0.010855408
6/29/2020,0.005170016
6/30/2020,-0.005751514
7/1/2020,0.009885325
7/2/2020,-0.011368806
7/3/2020,-0.00395756
7/4/2020,0.004972275
7/5/2020,-0.006410728
7/6/2020,0.033230564
7/7/2020,-0.013140376
7/8/2020,0.01902836
7/9/2020,-0.015948231
7/10/2020,9.05202271146432e-05
7/11/2020,-0.00414503
7/12/2020,0.00391255
7/13/2020,-0.003545059
7/14/2020,-4.33E-05
7/15/2020,-0.005450156
7/16/2020,-0.006593109
7/17/2020,0.002098616
7/18/2020,0.000835661
7/19/2020,0.002923597
7/20/2020,-0.00234992
7/21/2020,0.022986789
7/22/2020,0.016050921
7/23/2020,0.005848489
7/24/2020,-0.004611142
7/25/2020,0.014702976
7/26/2020,0.023566295
7/27/2020,0.109610071
7/28/2020,-0.007101329
7/29/2020,0.017194866
7/30/2020,0.000968076
7/31/2020,0.019102587
8/1/2020,0.038515234
8/2/2020,-0.060034266
8/3/2020,0.017436322
8/4/2020,-0.003597261
8/5/2020,0.048289762
8/6/2020,0.002788024
8/7/2020,-0.015136181
8/8/2020,0.013151196
8/9/2020,-0.006662101
8/10/2020,0.017332699
8/11/2020,-0.039365344
8/12/2020,0.015284939
8/13/2020,0.017195015
8/14/2020,-0.001295521
8/15/2020,0.008227395
8/16/2020,0.002284355
8/17/2020,0.030404826
8/18/2020,-0.021475461
8/19/2020,-0.019426708
8/20/2020,0.010213129
8/21/2020,-0.024067508
8/22/2020,0.007706364
8/23/2020,-0.001453329
8/24/2020,0.009408442
8/25/2020,-0.034690018
8/26/2020,0.010753745
8/27/2020,-0.014359384
8/28/2020,0.019349541
8/29/2020,-0.003087266
8/30/2020,0.01778422
8/31/2020,-0.00262012
9/1/2020,0.024797762
9/2/2020,-0.046484719
9/3/2020,-0.102394761
9/4/2020,0.026013556
9/5/2020,-0.032558235
9/6/2020,0.010893696
9/7/2020,0.008677905
9/8/2020,-0.022956306
9/9/2020,0.010939236
9/10/2020,0.011793294
9/11/2020,0.003645263
9/12/2020,0.003966561
9/13/2020,-0.011340079
9/14/2020,0.034588384
9/15/2020,0.010871177
9/16/2020,0.016481884
9/17/2020,-0.0023613
9/18/2020,-0.000402256
9/19/2020,0.013683546
9/20/2020,-0.014067993
9/21/2020,-0.043518002
9/22/2020,0.00728334
9/23/2020,-0.02773398
9/24/2020,0.050153282
9/25/2020,-0.006259219
9/26/2020,0.005424892
9/27/2020,0.002283186
9/28/2020,-0.00608961
9/29/2020,0.012604357
9/30/2020,-0.005546464
10/1/2020,-0.01530337
10/2/2020,-0.004094141
10/3/2020,-0.002519438
10/4/2020,0.011399199
10/5/2020,0.011599032
10/6/2020,-0.017504646
10/7/2020,0.006088271
10/8/2020,0.023124709
10/9/2020,0.013629237
10/10/2020,0.020959302
10/11/2020,0.007774212
10/12/2020,0.015036798
10/13/2020,-0.01120379
10/14/2020,0.000315723
10/15/2020,0.005760771
10/16/2020,-0.015069273
10/17/2020,0.003177718
10/18/2020,0.011028059
10/19/2020,0.022526312
10/20/2020,0.014843919
10/21/2020,0.076143755
10/22/2020,0.01108902
10/23/2020,-0.002649454
10/24/2020,0.013650613
10/25/2020,-0.005865754
10/26/2020,0.003382214
10/27/2020,0.044279902
10/28/2020,-0.028045075
10/29/2020,0.012553242
10/30/2020,0.008084581
10/31/2020,0.017308697
11/1/2020,-0.003184512
11/2/2020,-0.013585108
11/3/2020,0.02950532
11/4/2020,0.013147118
11/5/2020,0.102318634
11/6/2020,-0.000896528
11/7/2020,-0.047034084
11/8/2020,0.043536753
11/9/2020,-0.009512666
11/10/2020,-0.002701033
11/11/2020,0.026841941
11/12/2020,0.036621327
11/13/2020,0.002547553
11/14/2020,-0.015300457
11/15/2020,-0.007004594
11/16/2020,0.047665021
11/17/2020,0.055592769
11/18/2020,0.008988153
11/19/2020,0.00073489
11/20/2020,0.045137821
11/21/2020,0.001123335
11/22/2020,-0.01460289
11/23/2020,-0.000320134
11/24/2020,0.040478047
11/25/2020,-0.019643828
11/26/2020,-0.084427067
11/27/2020,-0.002461759
11/28/2020,0.035597229
11/29/2020,0.025967125
11/30/2020,0.079678328
12/1/2020,-0.04192626
12/2/2020,0.021171823
12/3/2020,0.012723581
12/4/2020,-0.038344949
12/5/2020,0.024303237
12/6/2020,0.009965977
12/7/2020,-0.007934312
12/8/2020,-0.045357601
12/9/2020,0.012705073
12/10/2020,-0.015572121
12/11/2020,-0.011283218
12/12/2020,0.041240152
12/13/2020,0.018013867
12/14/2020,0.005446643
12/15/2020,0.008855135
12/16/2020,0.097518363
12/17/2020,0.070132451
12/18/2020,0.014593136
12/19/2020,0.031630752
12/20/2020,-0.016444905
12/21/2020,-0.028717656
12/22/2020,0.042974334
12/23/2020,-0.022776055
12/24/2020,0.021281191
12/25/2020,0.039132279
12/26/2020,0.071853278
12/27/2020,-0.006231492
12/28/2020,0.030926635
12/29/2020,0.010250355
12/30/2020,0.0540345
12/31/2020,0.005574281
1/1/2021,0.012841708
1/2/2021,0.093725776
1/3/2021,0.020380067
1/4/2021,-0.024712
1/5/2021,0.06319658
1/6/2021,0.083310714
1/7/2021,0.069157467
1/8/2021,0.036233899
1/9/2021,-0.013311135
1/10/2021,-0.047152573
1/11/2021,-0.072733159
1/12/2021,-0.046214502
1/13/2021,0.100032496
1/14/2021,0.05013803
1/15/2021,-0.06027359
1/16/2021,-0.017575563
1/17/2021,-0.010693288
1/18/2021,0.02343579
1/19/2021,-0.015295343
1/20/2021,-0.014473455
1/21/2021,-0.13283684
1/22/2021,0.07072224
1/23/2021,-0.02842289
1/24/2021,0.006914644
1/25/2021,0.002385108
1/26/2021,0.006286058
1/27/2021,-0.065622125
1/28/2021,0.099681134
1/29/2021,0.025407476
1/30/2021,-0.001365624
1/31/2021,-0.033708203
2/1/2021,0.01276837
2/2/2021,0.058833615
2/3/2021,0.055245982
2/4/2021,-0.01457147
2/5/2021,0.032991388
2/6/2021,0.029406828
2/7/2021,-0.009233693
2/8/2021,0.187464738
2/9/2021,0.006161524
2/10/2021,-0.033624886
2/11/2021,0.066591037
2/12/2021,-0.008442624
2/13/2021,-0.008406214
2/14/2021,0.034216236
2/15/2021,-0.015851261
2/16/2021,0.026171884
2/17/2021,0.05994196
2/18/2021,-0.008997505
2/19/2021,0.081430969
2/20/2021,0.003782319
2/21/2021,0.025676259
2/22/2021,-0.05791846
2/23/2021,-0.099301985
2/24/2021,0.018042327
2/25/2021,-0.052539242
2/26/2021,-0.01601249
2/27/2021,-0.0032652
2/28/2021,-0.022747755
3/1/2021,0.099550171
3/2/2021,-0.025231162
3/3/2021,0.04463206
3/4/2021,-0.03912036
3/5/2021,0.007539702
3/6/2021,-0.000304981
3/7/2021,0.046906498
3/8/2021,0.020306565
3/9/2021,0.04933522
3/10/2021,0.021604244
3/11/2021,0.032076715
3/12/2021,-0.008183207
3/13/2021,0.068216528
3/14/2021,-0.03168961
3/15/2021,-0.057251005
3/16/2021,0.016057022
3/17/2021,0.036369963
3/18/2021,-0.017189694
3/19/2021,0.00842965
3/20/2021,-0.000565719
3/21/2021,-0.013551248
3/22/2021,-0.052053185
3/23/2021,0.003847498
3/24/2021,-0.035891807
3/25/2021,-0.020277032
3/26/2021,0.066399925
3/27/2021,0.015165759
3/28/2021,-0.000406721
3/29/2021,0.032161379
3/30/2021,0.020216245
3/31/2021,1.93596349886693e-05
4/1/2021,0.003003735
4/2/2021,0.004881969
4/3/2021,-0.02998135
4/4/2021,0.020044897
4/5/2021,0.005094139
4/6/2021,-0.014655446
4/7/2021,-0.03683339
4/8/2021,0.040589808
4/9/2021,-0.001353633
4/10/2021,0.026581344
4/11/2021,0.006885904
4/12/2021,-0.005174187
4/13/2021,0.060273765
4/14/2021,-0.006200634
4/15/2021,0.00323748
4/16/2021,-0.027501379
4/17/2021,-0.014437689
4/18/2021,-0.073621547
4/19/2021,-0.008750469
4/20/2021,0.013436976
4/21/2021,-0.045454288
4/22/2021,-0.039769466
4/23/2021,-0.012917151
4/24/2021,-0.02040929
4/25/2021,-0.020910992
4/26/2021,0.10238907
4/27/2021,0.018721408
4/28/2021,-0.003787066
4/29/2021,-0.02315733
4/30/2021,0.078331768
5/1/2021,0.001348481
5/2/2021,-0.020698824
5/3/2021,0.01005128
5/4/2021,-0.067600247
5/5/2021,0.076695993
5/6/2021,-0.017893077
5/7/2021,0.01702032
5/8/2021,0.025234759
5/9/2021,-0.009718099
5/10/2021,-0.040742318
5/11/2021,0.015123172
5/12/2021,-0.133217455
5/13/2021,0.011508649
5/14/2021,0.003305638
5/15/2021,-0.062556419
5/16/2021,-0.006504014
5/17/2021,-0.062823816
5/18/2021,-0.014426855
5/19/2021,-0.137661226
5/20/2021,0.102163445
5/21/2021,-0.085282328
5/22/2021,0.006217486
5/23/2021,-0.073689369
5/24/2021,0.11318184
5/25/2021,-0.007847826
5/26/2021,0.023227212
5/27/2021,-0.0218157
5/28/2021,-0.071268973
5/29/2021,-0.030297244
5/30/2021,0.030681201
5/31/2021,0.046379298
6/1/2021,-0.017355482
6/2/2021,0.024267567
6/3/2021,0.043475133
6/4/2021,-0.059026581
6/5/2021,-0.036386254
6/6/2021,0.008731499
6/7/2021,-0.06418068
6/8/2021,-0.002624325
6/9/2021,0.115691177
6/10/2021,-0.017205017
6/11/2021,0.017214062
6/12/2021,-0.047727642
6/13/2021,0.099721319
6/14/2021,0.028661855
6/15/2021,0.004669321
6/16/2021,-0.050962562
6/17/2021,-0.007655309
6/18/2021,-0.059554511
6/19/2021,-0.004788717
6/20/2021,0.002314299
6/21/2021,-0.112655333
6/22/2021,0.026169613
6/23/2021,0.03745093
6/24/2021,0.027856638
6/25/2021,-0.087260401
6/26/2021,0.017336806
6/27/2021,0.076534703
6/28/2021,-0.006213876
6/29/2021,0.041628258
6/30/2021,-0.023055273
7/1/2021,-0.04191449
7/2/2021,0.009678558
7/3/2021,0.022760095
7/4/2021,0.017861561
7/5/2021,-0.043691535
7/6/2021,0.014496277
7/7/2021,-0.011095809
7/8/2021,-0.028886355
7/9/2021,0.028002258
7/10/2021,-0.008210311
7/11/2021,0.021469475
7/12/2021,-0.03166863
7/13/2021,-0.013687548
7/14/2021,0.003679352
7/15/2021,-0.031735
7/16/2021,-0.011302176
7/17/2021,0.003549454
7/18/2021,0.008363987
7/19/2021,-0.030788576
7/20/2021,-0.032788951
7/21/2021,0.077274427
7/22/2021,0.006303573
7/23/2021,0.039254825
7/24/2021,0.021169199
7/25/2021,0.030844758
7/26/2021,0.056218872
7/27/2021,0.055424287
7/28/2021,0.014945713
7/29/2021,0.000312923
7/30/2021,0.055666405
7/31/2021,-0.014427458
8/1/2021,-0.03966975
8/2/2021,-0.019335866
8/3/2021,-0.026757979
8/4/2021,0.041792893
8/5/2021,0.028229465
8/6/2021,0.047638036
8/7/2021,0.040622208
8/8/2021,-0.017005274
8/9/2021,0.058616336
8/10/2021,-0.016830892
8/11/2021,0.000188778
8/12/2021,-0.025559436
8/13/2021,0.075740735
8/14/2021,-0.014570551
8/15/2021,-0.001060396
8/16/2021,-0.022159106
8/17/2021,-0.028456465
8/18/2021,0.002367765
8/19/2021,0.042775443
8/20/2021,0.056115872
8/21/2021,-0.008789843
8/22/2021,0.008509477
8/23/2021,0.004551674
8/24/2021,-0.037137725
8/25/2021,0.026300021
8/26/2021,-0.041228304
8/27/2021,0.045086263
8/28/2021,-0.003185281
8/29/2021,-0.001483983
8/30/2021,-0.036347609
8/31/2021,0.002373885
9/1/2021,0.035625564
9/2/2021,0.00984083
9/3/2021,0.01414321
9/4/2021,-0.001614181
9/5/2021,0.036215812
9/6/2021,0.017006126
9/7/2021,-0.110621607
9/8/2021,-0.015375367
9/9/2021,0.006509486
9/10/2021,-0.032495484
9/11/2021,0.007074849
9/12/2021,0.019066034
9/13/2021,-0.023884438
9/14/2021,0.047359261
9/15/2021,0.023015462
9/16/2021,-0.008157287
9/17/2021,-0.010795387
9/18/2021,0.021385589
9/19/2021,-0.021089044
9/20/2021,-0.093448953
9/21/2021,-0.050185207
9/22/2021,0.070793114
9/23/2021,0.030306478
9/24/2021,-0.045781116
9/25/2021,-0.002874813
9/26/2021,0.011516492
9/27/2021,-0.022514267
9/28/2021,-0.028440079
9/29/2021,0.012911569
9/30/2021,0.053568275
10/1/2021,0.09878873
10/2/2021,-0.008426411
10/3/2021,0.010237887
10/4/2021,0.018940874
10/5/2021,0.048905889
10/6/2021,0.074670498
10/7/2021,-0.028096534
10/8/2021,0.003008277
10/9/2021,0.0185365
10/10/2021,-0.003577422
10/11/2021,0.049536841
10/12/2021,-0.025115
10/13/2021,0.024268618
10/14/2021,-0.001386284
10/15/2021,0.074534407
10/16/2021,-0.011393482
10/17/2021,0.010862438
10/18/2021,0.0076756
10/19/2021,0.036047968
10/20/2021,0.026934175
10/21/2021,-0.057319314
10/22/2021,-0.024399647
10/23/2021,0.011555864
10/24/2021,-0.007537938
10/25/2021,0.034612824
10/26/2021,-0.042449853
10/27/2021,-0.031167794
10/28/2021,0.036587939
10/29/2021,0.026489138
10/30/2021,-0.005449846
10/31/2021,-0.009208043
11/1/2021,-0.005129748
11/2/2021,0.036423534
11/3/2021,-0.004054564
11/4/2021,-0.024103784
11/5/2021,-0.00531396
11/6/2021,0.006573419
11/7/2021,0.029247221
11/8/2021,0.066951547
11/9/2021,-0.008806096
11/10/2021,-0.029513867
11/11/2021,-0.000696505
11/12/2021,-0.012225096
11/13/2021,0.004887871
11/14/2021,0.015469518
11/15/2021,-0.029159323
11/16/2021,-0.053441453
11/17/2021,0.003436857
11/18/2021,-0.05674984
11/19/2021,0.020677858
11/20/2021,0.027144333
11/21/2021,-0.016193705
11/22/2021,-0.041565941
11/23/2021,0.022735856
11/24/2021,-0.022384387
11/25/2021,0.017666069
11/26/2021,-0.064686771
11/27/2021,0.023246555
11/28/2021,0.04439251
11/29/2021,0.009748898
11/30/2021,-0.01385899
12/1/2021,0.003936509
12/2/2021,-0.013140206
12/3/2021,-0.050985865
12/4/2021,-0.082046397
12/5/2021,0.003417523
12/6/2021,0.024585896
12/7/2021,0.00232216
12/8/2021,-0.003851849
12/9/2021,-0.056087262
12/10/2021,-0.008995119
12/11/2021,0.044857216
12/12/2021,0.01490662
12/13/2021,-0.067085172
12/14/2021,-0.002671253
12/15/2021,0.04900152
12/16/2021,-0.025181583
12/17/2021,-0.030699007
12/18/2021,0.013995732
12/19/2021,-0.003025943
12/20/2021,0.003709544
12/21/2021,0.043863562
12/22/2021,-0.006295931
12/23/2021,0.044336692
12/24/2021,0.00074149
12/25/2021,-0.007719775
12/26/2021,0.007528402
12/27/2021,-0.003328071
12/28/2021,-0.060259426
12/29/2021,-0.024042279
12/30/2021,0.015791121
12/31/2021,-0.018476353
1/1/2022,0.029809396
1/2/2022,-0.007163275
1/3/2022,-0.018736877
1/4/2022,-0.012065555
1/5/2022,-0.050734061
1/6/2022,-0.009366159
1/7/2022,-0.037140705
1/8/2022,0.004235995
1/9/2022,0.00425697
1/10/2022,-0.002155485
1/11/2022,0.021869109
1/12/2022,0.028389419
1/13/2022,-0.030888714
1/14/2022,0.011930269
1/15/2022,0.001802779
1/16/2022,-0.001471129
1/17/2022,-0.020024367
1/18/2022,0.002960483
1/19/2022,-0.014897823
1/20/2022,-0.02548634
1/21/2022,-0.103811656
1/22/2022,-0.039143485
1/23/2022,0.035585093
1/24/2022,0.010406744
1/25/2022,0.008175727
1/26/2022,-0.002757017
1/27/2022,0.007763821
1/28/2022,0.017397102
1/29/2022,0.009364931
1/30/2022,-0.005783656
1/31/2022,0.014914536
2/1/2022,0.006760065
2/2/2022,-0.046209029
2/3/2022,0.005456046
2/4/2022,0.116978066
2/5/2022,-0.001438787
2/6/2022,0.023437313
2/7/2022,0.033665872
2/8/2022,0.006344853
2/9/2022,0.004994545
2/10/2022,-0.017449359
2/11/2022,-0.026561983
2/12/2022,-0.003854673
2/13/2022,-0.001111462
2/14/2022,0.009228087
2/15/2022,0.046687698
2/16/2022,-0.013759752
2/17/2022,-0.07788223
2/18/2022,-0.012507647
2/19/2022,0.002277728
2/20/2022,-0.04214074
2/21/2022,-0.035286209
2/22/2022,0.032656424
2/23/2022,-0.025843816
2/24/2022,0.0277784
2/25/2022,0.02299894
2/26/2022,-0.002781397
2/27/2022,-0.035682342
2/28/2022,0.145411839
3/1/2022,0.026888525
3/2/2022,-0.009706303
3/3/2022,-0.033519811
3/4/2022,-0.07806935
3/5/2022,0.006719381
3/6/2022,-0.024887994
3/7/2022,-0.009316644
3/8/2022,0.01774026
3/9/2022,0.083786397
3/10/2022,-0.060630954
3/11/2022,-0.01629132
3/12/2022,0.002810649
3/13/2022,-0.027101258
3/14/2022,0.048008084
3/15/2022,-0.008268102
3/16/2022,0.045887145
3/17/2022,-0.004679932
3/18/2022,0.020750885
3/19/2022,0.009317831
3/20/2022,-0.022346849
3/21/2022,-0.004117263
3/22/2022,0.031180014
3/23/2022,0.012610091
3/24/2022,0.024898646
3/25/2022,0.008821398
3/26/2022,0.003429583
3/27/2022,0.052126312
3/28/2022,0.006567887
3/29/2022,0.007166155
3/30/2022,-0.008491735
3/31/2022,-0.032382108
4/1/2022,0.016315115
4/2/2022,-0.008917041
4/3/2022,0.01274538
4/4/2022,0.003640396
4/5/2022,-0.022879073
4/6/2022,-0.051568494
4/7/2022,0.006876459
4/8/2022,-0.027955771
4/9/2022,0.011693071
4/10/2022,-0.01342768
4/11/2022,-0.06363226
4/12/2022,0.015315084
4/13/2022,0.0259063
4/14/2022,-0.029908007
4/15/2022,0.015473676
4/16/2022,-0.003180504
4/17/2022,-0.017502542
4/18/2022,0.027929175
4/19/2022,0.016571097
4/20/2022,-0.003093074
4/21/2022,-0.020471984
4/22/2022,-0.019420039
4/23/2022,-0.006381173
4/24/2022,-0.000441604
4/25/2022,0.02505785
4/26/2022,-0.057858268
4/27/2022,0.029478883
4/28/2022,0.013575225
4/29/2022,-0.029265574
4/30/2022,-0.023179313
5/1/2022,0.019997912
5/2/2022,0.001565786
5/3/2022,-0.02021512
5/4/2022,0.051599857
5/5/2022,-0.078674021
5/6/2022,-0.014606061
5/7/2022,-0.014954355
5/8/2022,-0.040636849
5/9/2022,-0.1104637
5/10/2022,0.023961258
5/11/2022,-0.067258392
5/12/2022,0.003849707
5/13/2022,0.00810223
5/14/2022,0.027939734
5/15/2022,0.039993257
5/16/2022,-0.046069002
5/17/2022,0.018850785
5/18/2022,-0.05605712
5/19/2022,0.055503044
5/20/2022,-0.036734891
5/21/2022,0.007927413
5/22/2022,0.030289794
5/23/2022,-0.040391231
5/24/2022,0.019130468
5/25/2022,-0.003143577
5/26/2022,-0.00998353
5/27/2022,-0.021855519
5/28/2022,0.006543557
5/29/2022,0.021900358
5/30/2022,0.07744471
5/31/2022,0.002077763
6/1/2022,-0.062695364
6/2/2022,0.022430498
6/3/2022,-0.025046294
6/4/2022,0.004326749
6/5/2022,0.002472036
6/6/2022,0.04895263
6/7/2022,-0.006859699
6/8/2022,-0.030207305
6/9/2022,-0.003387708
6/10/2022,-0.034145637
6/11/2022,-0.024858994
6/12/2022,-0.056351073
6/13/2022,-0.15974726
6/14/2022,-0.012477914
6/15/2022,0.016483554
6/16/2022,-0.097071944
6/17/2022,0.004407495
6/18/2022,-0.07101781
6/19/2022,0.080747595
6/20/2022,0.00225101
6/21/2022,0.00539141
6/22/2022,-0.034937107
6/23/2022,0.054978038
6/24/2022,0.006913599
6/25/2022,0.012748965
6/26/2022,-0.022092619
6/27/2022,-0.013877981
6/28/2022,-0.021935532
6/29/2022,-0.008708373
6/30/2022,-0.015882238
7/1/2022,-0.026048345
7/2/2022,-0.001406965
7/3/2022,0.002848955
7/4/2022,0.04841073
7/5/2022,-0.002033807
7/6/2022,0.01773793
7/7/2022,0.053013858
7/8/2022,0.004322538
7/9/2022,-0.006392223
7/10/2022,-0.033889903
7/11/2022,-0.04265932
7/12/2022,-0.032379797
7/13/2022,0.045961711
7/14/2022,0.017704551
7/15/2022,0.012951349
7/16/2022,0.016988995
7/17/2022,-0.019394361
7/18/2022,0.082117401
7/19/2022,0.040191969
7/20/2022,-0.006742411
7/21/2022,-0.002888442
7/22/2022,-0.019411077
7/23/2022,-0.010983942
7/24/2022,0.006395837
7/25/2022,-0.0551751
7/26/2022,-0.005708687
7/27/2022,0.079605203
7/28/2022,0.039830616
7/29/2022,-0.001646288
7/30/2022,-0.006235164
7/31/2022,-0.01349796
8/1/2022,-0.000972591
8/2/2022,-0.014415337
8/3/2022,-0.005727596
8/4/2022,-0.009434737
8/5/2022,0.029091011
8/6/2022,-0.014085222
8/7/2022,0.009346662
8/8/2022,0.02733857
8/9/2022,-0.027097097
8/10/2022,0.033815984
8/11/2022,0.000412847
8/12/2022,0.018586602
8/13/2022,0.000870801
8/14/2022,-0.004288163
8/15/2022,-0.007498615
8/16/2022,-0.010510085
8/17/2022,-0.022915308
8/18/2022,-0.005281958
8/19/2022,-0.100599314
8/20/2022,0.013819044
8/21/2022,0.017389185
8/22/2022,-0.006279007
8/23/2022,0.006036742
8/24/2022,-0.006181151
8/25/2022,0.009623023
8/26/2022,-0.0620754
8/27/2022,-0.01077399
8/28/2022,-0.021201945
8/29/2022,0.034724276
8/30/2022,-0.024691383
8/31/2022,0.012777569
9/1/2022,0.003859245
9/2/2022,-0.007818753
9/3/2022,-0.0068946
9/4/2022,0.007796708
9/5/2022,-0.008722885
9/6/2022,-0.049196692
9/7/2022,0.024029315
9/8/2022,0.002048165
9/9/2022,0.106121882
9/10/2022,0.014002366
9/11/2022,0.004092001
9/12/2022,0.027616624
9/13/2022,-0.092700069
9/14/2022,-0.002740207
9/15/2022,-0.026672423
9/16/2022,0.003622775
9/17/2022,0.017953758
9/18/2022,-0.035179115
9/19/2022,0.006417416
9/20/2022,-0.033428957
9/21/2022,-0.018177572
9/22/2022,0.046699288
9/23/2022,-0.005970681
9/24/2022,-0.018687621
9/25/2022,-0.007124359
9/26/2022,0.022368473
9/27/2022,-0.005832956
9/28/2022,0.016544468
9/29/2022,0.007532413
9/30/2022,-0.007217154
10/1/2022,-0.006159667
10/2/2022,-0.013876706
10/3/2022,0.030427924
10/4/2022,0.036347276
10/5/2022,-0.008660486
10/6/2022,-0.010181852
10/7/2022,-0.020475303
10/8/2022,-0.006665077
10/9/2022,0.001537729
10/10/2022,-0.015681103
10/11/2022,-0.004705299
10/12/2022,0.005565326
10/13/2022,0.01176874
10/14/2022,-0.010176393
10/15/2022,-0.006151548
10/16/2022,0.010513049
10/17/2022,0.014670059
10/18/2022,-0.011065648
10/19/2022,-0.01007948
10/20/2022,-0.004482602
10/21/2022,0.006231245
10/22/2022,0.001863125
10/23/2022,0.018680488
10/24/2022,-0.011316781
10/25/2022,0.038783301
10/26/2022,0.033568311
10/27/2022,-0.023331496
10/28/2022,0.015257721
10/29/2022,0.010833755
10/30/2022,-0.00878417
10/31/2022,-0.006776156
11/1/2022,-0.000512301
11/2/2022,-0.015902621
11/3/2022,0.002504247
11/4/2022,0.046375197
11/5/2022,0.006405611
11/6/2022,-0.016736844
11/7/2022,-0.015466998
11/8/2022,-0.100061316
11/9/2022,-0.143490225
11/10/2022,0.107424899
11/11/2022,-0.031414436
11/12/2022,-0.013802006
11/13/2022,-0.02653821
11/14/2022,0.016194464
11/15/2022,0.016031464
11/16/2022,-0.012743782
11/17/2022,0.001084507
11/18/2022,0.000614817
11/19/2022,0.000824633
11/20/2022,-0.02511526
11/21/2022,-0.030969375
11/22/2022,0.025494274
11/23/2022,0.026000216
11/24/2022,-0.000375793
11/25/2022,-0.004975954
11/26/2022,-0.003483906
11/27/2022,-0.001193754
11/28/2022,-0.013822429
11/29/2022,0.014038085
11/30/2022,0.044000289
12/1/2022,-0.011732697
12/2/2022,0.007162515
12/3/2022,-0.010558103
12/4/2022,0.013144482
12/5/2022,-0.009086733
12/6/2022,0.006755753
12/7/2022,-0.014124281
12/8/2022,0.02287184
12/9/2022,-0.00582136
12/10/2022,-0.000258431
12/11/2022,-0.00143217
12/12/2022,0.005977724
12/13/2022,0.033410801
12/14/2022,0.001930792
12/15/2022,-0.025302762
12/16/2022,-0.041312204
12/17/2022,0.00886665
12/18/2022,-0.002209886
12/19/2022,-0.018993753
12/20/2022,0.028384069
12/21/2022,-0.005250676
12/22/2022,0.000761505
12/23/2022,-0.001983838
12/24/2022,0.003024521
12/25/2022,-0.000342451
12/26/2022,0.004620498
12/27/2022,-0.011975957
12/28/2022,-0.009846255
12/29/2022,0.005423298
12/30/2022,-0.002388838
12/31/2022,-0.003318148
1/1/2023,0.004688563
1/2/2023,0.003812952
1/3/2023,-0.000516122
1/4/2023,0.01099415
1/5/2023,-0.001571581
1/6/2023,0.006844107
1/7/2023,0.000183423
1/8/2023,0.008025112
1/9/2023,0.006167531
1/10/2023,0.014522577
1/11/2023,0.028006151
1/12/2023,0.052115796
1/13/2023,0.055114417
1/14/2023,0.053578474
1/15/2023,-0.004552757
1/16/2023,0.013832516
1/17/2023,-0.000383251
1/18/2023,-0.022339524
1/19/2023,0.019238046
1/20/2023,0.075391254
1/21/2023,0.004457127
1/22/2023,-0.002511631
1/23/2023,0.009419529
1/24/2023,-0.012991946
1/25/2023,0.021266154
1/26/2023,-0.003680359
1/27/2023,0.001995034
1/28/2023,-0.002064181
1/29/2023,0.032281432
1/30/2023,-0.039303671
1/31/2023,0.013097317
2/1/2023,0.025259483
2/2/2023,-0.010617977
2/3/2023,-0.000960675
2/4/2023,-0.005009723
2/5/2023,-0.016123097
2/6/2023,-0.008518883
2/7/2023,0.022151987
2/8/2023,-0.01396529
2/9/2023,-0.048839963
2/10/2023,-0.007693073
2/11/2023,0.010146854
2/12/2023,-0.003779999
2/13/2023,0.000913267
2/14/2023,0.018924303
2/15/2023,0.093922661
2/16/2023,-0.028154173
2/17/2023,0.039880965
2/18/2023,0.003080559
2/19/2023,-0.012728024
2/20/2023,0.020614651
2/21/2023,-0.015819911
2/22/2023,-0.010128752
2/23/2023,-0.009977805
2/24/2023,-0.031292013
2/25/2023,-0.000980767
2/26/2023,0.016648615
2/27/2023,-0.001627327
2/28/2023,-0.015963935
3/1/2023,0.021566062
3/2/2023,-0.00723505
3/3/2023,-0.047402129
3/4/2023,-0.000417216
3/5/2023,0.003675694
3/6/2023,-0.000256551
3/7/2023,-0.00936204
3/8/2023,-0.022578517
3/9/2023,-0.062393112
3/10/2023,-0.008632184
3/11/2023,0.022051847
3/12/2023,0.07422977
3/13/2023,0.091751879
3/14/2023,0.022669295
3/15/2023,-0.014956444
3/16/2023,0.027766213
3/17/2023,0.094645775
3/18/2023,-0.016702595
3/19/2023,0.039783494
3/20/2023,-0.009680894
3/21/2023,0.014714467
3/22/2023,-0.030820009
3/23/2023,0.037591779
3/24/2023,-0.029670654
3/25/2023,5.17171735527899e-05
3/26/2023,0.018171608
3/27/2023,-0.030521945
3/28/2023,0.004725229
3/29/2023,0.039618064
3/30/2023,-0.01110745
3/31/2023,0.015871043
4/1/2023,-0.002368427
4/2/2023,-0.007452265
4/3/2023,-0.014507018
4/4/2023,0.013597198
4/5/2023,0.000351267
4/6/2023,-0.004749941
4/7/2023,-0.004217681
4/8/2023,0.000785492
4/9/2023,0.013784839
4/10/2023,0.046586218
4/11/2023,0.019629667
4/12/2023,-0.003175316
4/13/2023,0.008627135
4/14/2023,0.002849851
4/15/2023,-0.005484641
4/16/2023,-0.000103588
4/17/2023,-0.028708571
4/18/2023,0.032348662
4/19/2023,-0.051809205
4/20/2023,-0.020008251
4/21/2023,-0.034308523
4/22/2023,0.019818588
4/23/2023,-0.008128525
4/24/2023,-0.002393679
4/25/2023,0.028419551
4/26/2023,0.00406617
4/27/2023,0.036980508
4/28/2023,-0.00453031
4/29/2023,-0.003127901
4/30/2023,0.000694681
5/1/2023,-0.040221602
5/2/2023,0.020966033
5/3/2023,0.011358626
5/4/2023,-0.005467695
5/5/2023,0.023803408
5/6/2023,-0.021323001
5/7/2023,-0.015556146
5/8/2023,-0.026733637
5/9/2023,-0.001281783
5/10/2023,-0.001338437
5/11/2023,-0.022481076
5/12/2023,-0.007251597
5/13/2023,-0.000780157
5/14/2023,0.005471928
5/15/2023,0.009730727
5/16/2023,-0.005738415
5/17/2023,0.013394867
5/18/2023,-0.020679508
5/19/2023,0.002158597
5/20/2023,0.008905016
5/21/2023,-0.013850553
5/22/2023,0.003642513
5/23/2023,0.013945304
5/24/2023,-0.032723028
5/25/2023,0.005368887
5/26/2023,0.009181224
5/27/2023,0.005578834
5/28/2023,0.045305827
5/29/2023,-0.012097344
5/30/2023,-0.001569067
5/31/2023,-0.017424205
6/1/2023,-0.014683709
6/2/2023,0.016018554
6/3/2023,-0.006402333
6/4/2023,0.001622799
6/5/2023,-0.050111192
6/6/2023,0.057402172
6/7/2023,-0.03277625
6/8/2023,0.006157244
6/9/2023,-0.001050308
6/10/2023,-0.023758529
6/11/2023,0.003439979
6/12/2023,-0.00145211
6/13/2023,0.000626523
6/14/2023,-0.030636253
6/15/2023,0.017979088
6/16/2023,0.029365686
6/17/2023,0.006959003
6/18/2023,-0.006580854
6/19/2023,0.019547853
6/20/2023,0.054987053
6/21/2023,0.060005623
6/22/2023,-0.003830369
6/23/2023,0.026182807
6/24/2023,-0.004781599
6/25/2023,-0.002240148
6/26/2023,-0.00686119
6/27/2023,0.013776598
6/28/2023,-0.01961401
6/29/2023,0.011935868
6/30/2023,0.001047792
7/1/2023,0.00370198
7/2/2023,0.001003312
7/3/2023,0.017493679
7/4/2023,-0.012159843
7/5/2023,-0.008558698
7/6/2023,-0.019821224
7/7/2023,0.014474668
7/8/2023,-0.00163879
7/9/2023,-0.004004505
7/10/2023,0.008061862
7/11/2023,0.006788889
7/12/2023,-0.00748849
7/13/2023,0.035680934
7/14/2023,-0.036280935
7/15/2023,-0.001261345
7/16/2023,-0.001540604
7/17/2023,-0.003413127
7/18/2023,-0.009597533
7/19/2023,0.00192123
7/20/2023,-0.0040753
7/21/2023,0.003918114
7/22/2023,-0.004578641
7/23/2023,0.010504447
7/24/2023,-0.030169086
7/25/2023,0.00172995
7/26/2023,0.004365153
7/27/2023,-0.00491512
7/28/2023,0.003716333
7/29/2023,0.001284886
7/30/2023,-0.002779903
7/31/2023,-0.00154387
8/1/2023,0.015245275
8/2/2023,-0.017649891
8/3/2023,0.000916601
8/4/2023,-0.003584394
8/5/2023,-0.001099427
8/6/2023,-9.35E-06
8/7/2023,0.004776646
8/8/2023,0.020044636
8/9/2023,-0.006853508
8/10/2023,-0.004461965
8/11/2023,-0.00108316
8/12/2023,0.000620797
8/13/2023,-0.004523081
8/14/2023,0.004286776
8/15/2023,-0.008096168
8/16/2023,-0.016063174
8/17/2023,-0.070979172
8/18/2023,-0.02306411
8/19/2023,0.001790757
8/20/2023,0.003578256
8/21/2023,-0.002498832
8/22/2023,-0.003540188
8/23/2023,0.015365306
8/24/2023,-0.01018732
8/25/2023,-0.004384353
8/26/2023,-0.001505128
8/27/2023,0.003123232
8/28/2023,0.000630787
8/29/2023,0.062101925
8/30/2023,-0.015512708
8/31/2023,-0.050034058
9/1/2023,-0.00504206
9/2/2023,0.002638462
9/3/2023,0.003895333
9/4/2023,-0.006051329
9/5/2023,-0.001256511
9/6/2023,-0.001037475
9/7/2023,0.018908652
9/8/2023,-0.012749182
9/9/2023,-0.000385111
9/10/2023,-0.002450261
9/11/2023,-0.025920037
9/12/2023,0.026654162
9/13/2023,0.01528956
9/14/2023,0.01187074
9/15/2023,0.002600617
9/16/2023,-0.001518756
9/17/2023,-0.00128325
9/18/2023,0.008294724
9/19/2023,0.017075246
9/20/2023,-0.002907245
9/21/2023,-0.020801078
9/22/2023,0.000449251
9/23/2023,-6.69E-06
9/24/2023,-0.012135886
9/25/2023,0.001586418
9/26/2023,-0.003088789
9/27/2023,0.005167086
9/28/2023,0.025379929
9/29/2023,-0.004064392
9/30/2023,0.002088135
10/1/2023,0.037668242
10/2/2023,-0.01618671
10/3/2023,-0.003661597
10/4/2023,0.013467601
10/5/2023,-0.013794632
10/6/2023,0.019356844
10/7/2023,0.000795882
10/8/2023,-0.0012067
10/9/2023,-0.012579595
10/10/2023,-0.0069845
10/11/2023,-0.018900327
10/12/2023,-0.004335954
10/13/2023,0.00394577
10/14/2023,-2.49E-05
10/15/2023,0.011091823
10/16/2023,0.050067447
10/17/2023,-0.00363677
10/18/2023,-0.003075979
10/19/2023,0.013818841
10/20/2023,0.033535831
10/21/2023,0.007932598
10/22/2023,0.002523007
10/23/2023,0.103098905
10/24/2023,0.024641455
10/25/2023,0.017736457
10/26/2023,-0.010033147
10/27/2023,-0.007226929
10/28/2023,0.005301519
10/29/2023,0.013168432
10/30/2023,-0.001045709
10/31/2023,0.004794395
11/1/2023,0.022195613
11/2/2023,-0.014081557
11/3/2023,-0.00589377
11/4/2023,0.010073357
11/5/2023,-0.000936083
11/6/2023,-0.000341929
11/7/2023,0.01159309
11/8/2023,0.005973295
11/9/2023,0.029107827
11/10/2023,0.016919893
11/11/2023,-0.004714534
11/12/2023,-0.002249209
11/13/2023,-0.014901396
11/14/2023,-0.026428838
11/15/2023,0.065928446
11/16/2023,-0.045559292
11/17/2023,0.012222843
11/18/2023,-0.00030004
11/19/2023,0.021889527
11/20/2023,0.002418254
11/21/2023,-0.04437779
11/22/2023,0.045192825
11/23/2023,-0.003812712
11/24/2023,0.011549062
11/25/2023,0.002028397
11/26/2023,-0.008404731
11/27/2023,-0.006002092
11/28/2023,0.015485998
11/29/2023,0.000724437
11/30/2023,-0.00384976
12/1/2023,0.025879948
12/2/2023,0.020356875
12/3/2023,0.012717965
12/4/2023,0.050069725
12/5/2023,0.050036825
12/6/2023,-0.007581629
12/7/2023,-0.010372986
12/8/2023,0.020186734
12/9/2023,-0.009976253
12/10/2023,0.001228442
12/11/2023,-0.057923358
12/12/2023,0.005004157
12/13/2023,0.034752999
12/14/2023,0.003106276
12/15/2023,-0.025432678
12/16/2023,0.007401888
12/17/2023,-0.020725632
12/18/2023,0.030433585
12/19/2023,-0.008282084
12/20/2023,0.032687613
12/21/2023,0.00496887
12/22/2023,0.002934864
12/23/2023,-0.005872084
12/24/2023,-0.0165394
12/25/2023,0.013879064
12/26/2023,-0.025055253
12/27/2023,0.021694365
12/28/2023,-0.018760277
12/29/2023,-0.012396897
12/30/2023,0.001365815
12/31/2023,0.002568622
1/1/2024,0.045004995
1/2/2024,0.017900939
1/3/2024,-0.04692812
1/4/2024,0.031080579
1/5/2024,-0.000390007
1/6/2024,-0.003928567
1/7/2024,-0.001047931
1/8/2024,0.068893783
1/9/2024,-0.017687131
1/10/2024,0.010577584
1/11/2024,-0.005558734
1/12/2024,-0.075814647
1/13/2024,-0.000251677
1/14/2024,-0.024417719
1/15/2024,0.017123519
1/16/2024,0.015124601
1/17/2024,-0.009553783
1/18/2024,-0.034639726
1/19/2024,0.008636206
1/20/2024,0.001133626
1/21/2024,-0.002875293
1/22/2024,-0.049064375
1/23/2024,0.008560013
1/24/2024,0.005810522
1/25/2024,-0.003574753
1/26/2024,0.047154593
1/27/2024,0.00725027
1/28/2024,-0.002005243
1/29/2024,0.029799801
1/30/2024,-0.00775353
1/31/2024,-0.008614236
2/1/2024,0.011581442
2/2/2024,0.002555635
2/3/2024,-0.004483166
2/4/2024,-0.009505619
2/5/2024,0.00176326
2/6/2024,0.009986339
2/7/2024,0.02863085
2/8/2024,0.022188249
2/9/2024,0.040741037
2/10/2024,0.013236802
2/11/2024,0.010940478
2/12/2024,0.034461994
2/13/2024,-0.004319234
2/14/2024,0.041900917
2/15/2024,0.002158335
2/16/2024,0.004267513
2/17/2024,-0.009532306
2/18/2024,0.008895163
2/19/2024,-0.006588365
2/20/2024,0.009767069
2/21/2024,-0.008524364
2/22/2024,-0.010305083
2/23/2024,-0.011168965
2/24/2024,0.016540905
2/25/2024,0.003143945
2/26/2024,0.053914353
2/27/2024,0.047007627
2/28/2024,0.09493532
2/29/2024,-0.020900898
3/1/2024,0.020298739
3/2/2024,-0.006578812
3/3/2024,0.018338324
3/4/2024,0.081735916
3/5/2024,-0.066284025
3/6/2024,0.036137337
3/7/2024,0.012384197
3/8/2024,0.020539401
3/9/2024,0.002910524
3/10/2024,0.007604595
3/11/2024,0.044974307
3/12/2024,-0.008909905
3/13/2024,0.02241441
3/14/2024,-0.023081903
3/15/2024,-0.02791198
3/16/2024,-0.058911152
3/17/2024,0.047087228
3/18/2024,-0.012312086
3/19/2024,-0.08343357
3/20/2024,0.096925046
3/21/2024,-0.035667064
3/22/2024,-0.026150443
3/23/2024,0.004444135
3/24/2024,0.049513888
3/25/2024,0.04052464
3/26/2024,0.000414865
3/27/2024,-0.007608353
3/28/2024,0.018567461
3/29/2024,-0.012045029
3/30/2024,-0.003541471
3/31/2024,0.024242033
4/1/2024,-0.022871394
4/2/2024,-0.061047986
4/3/2024,0.00815683
4/4/2024,0.038314643
4/5/2024,-0.009797321
4/6/2024,0.015602971
4/7/2024,0.006770271
4/8/2024,0.032709359
4/9/2024,-0.034794031
4/10/2024,0.020955855
4/11/2024,-0.007469744
4/12/2024,-0.040889484
4/13/2024,-0.050217293
4/14/2024,0.030040891
4/15/2024,-0.035177372
4/16/2024,0.006080331
4/17/2024,-0.039728849
4/18/2024,0.036491241
4/19/2024,0.005208661
4/20/2024,0.018026421
4/21/2024,-0.001043118
4/22/2024,0.029433758
4/23/2024,-0.006439575
4/24/2024,-0.032080447
4/25/2024,0.003186348
4/26/2024,-0.011265004
4/27/2024,-0.005272967
4/28/2024,-0.004823625
4/29/2024,0.011533091
4/30/2024,-0.050191249
5/1/2024,-0.039296954
5/2/2024,0.01492467
5/3/2024,0.063704053
5/4/2024,0.015926846
5/5/2024,0.002185897
5/6/2024,-0.01357439
5/7/2024,-0.013095429
5/8/2024,-0.018398626
5/9/2024,0.030431152
5/10/2024,-0.035799921
5/11/2024,1.53569846750301e-05
5/12/2024,0.010768936
5/13/2024,0.023646748
5/14/2024,-0.021440844
5/15/2024,0.076596093
5/16/2024,-0.015632252
5/17/2024,0.027905087
5/18/2024,-0.001656483
5/19/2024,-0.00989587
5/20/2024,0.078001742
5/21/2024,-0.018358253
5/22/2024,-0.0144603
5/23/2024,-0.017255977
5/24/2024,0.00878173
5/25/2024,0.010796525
5/26/2024,-0.010796814
5/27/2024,0.012791671
5/28/2024,-0.015827408
5/29/2024,-0.010514857
5/30/2024,0.011644283
5/31/2024,-0.01277815
6/1/2024,0.003193346
6/2/2024,0.000659667
6/3/2024,0.01554472
6/4/2024,0.025622992
6/5/2024,0.007298725
6/6/2024,-0.004581364
6/7/2024,-0.019992013
6/8/2024,-0.000530879
6/9/2024,0.00493781
6/10/2024,-0.001948526
6/11/2024,-0.031364961
6/12/2024,0.013502582
6/13/2024,-0.021757961
6/14/2024,-0.011164543
6/15/2024,0.002725394
6/16/2024,0.006769
6/17/2024,-0.002232175
6/18/2024,-0.020296958
6/19/2024,-0.002770144
6/20/2024,-0.002026478
6/21/2024,-0.011298353
6/22/2024,0.002439753
6/23/2024,-0.016680751
6/24/2024,-0.045953564
6/25/2024,0.02533663
6/26/2024,-0.016072633
6/27/2024,0.013048952
6/28/2024,-0.020853311
6/29/2024,0.009403861
6/30/2024,0.029413552
7/1/2024,0.002771095
7/2/2024,-0.013093698
7/3/2024,-0.029906871
7/4/2024,-0.053116344
7/5/2024,-0.005534237
7/6/2024,0.028963912
7/7/2024,-0.042097439
7/8/2024,0.015326803
7/9/2024,0.022998442
7/10/2024,-0.00459807
7/11/2024,-0.006885432
7/12/2024,0.009670444
7/13/2024,0.023013827
7/14/2024,0.026266901
7/15/2024,0.067157552
7/16/2024,0.003499238
7/17/2024,-0.01502916
7/18/2024,-0.002257163
7/19/2024,0.042768734
7/20/2024,0.006797948
7/21/2024,0.014753144
7/22/2024,-0.008352688
7/23/2024,-0.024525738
7/24/2024,-0.008426493
7/25/2024,0.006196734
7/26/2024,0.032455548
7/27/2024,-0.001453741
7/28/2024,0.006525726
7/29/2024,-0.021037798
7/30/2024,-0.009262185
7/31/2024,-0.023893374
8/1/2024,0.011424614
8/2/2024,-0.060321059
8/3/2024,-0.011967302
8/4/2024,-0.042239836
8/5/2024,-0.070986479
8/6/2024,0.037836715
8/7/2024,-0.017968551
8/8/2024,0.121442561
8/9/2024,-0.013450358
8/10/2024,0.001079157
8/11/2024,-0.036529632
8/12/2024,0.01081466
8/13/2024,0.021144992
8/14/2024,-0.030891112
8/15/2024,-0.020041311
8/16/2024,0.023175913
8/17/2024,0.009930827
8/18/2024,-0.016728732
8/19/2024,0.017260941
8/20/2024,-0.008079211
8/21/2024,0.036642876
8/22/2024,-0.012967305
8/23/2024,0.061482672
8/24/2024,0.001320502
8/25/2024,0.002408121
8/26/2024,-0.022583597
8/27/2024,-0.05369739
8/28/2024,-0.008007978
8/29/2024,0.006108236
8/30/2024,-0.004524522
8/31/2024,-0.002530099
9/1/2024,-0.027885586
9/2/2024,0.031172734
9/3/2024,-0.028445043
9/4/2024,0.009411562
9/5/2024,-0.031240343
9/6/2024,-0.039382392
9/7/2024,0.003539166
9/8/2024,0.012964222
9/9/2024,0.039713832
9/10/2024,0.01103439
9/11/2024,-0.005300016
9/12/2024,0.013669279
9/13/2024,0.04205083
9/14/2024,-0.009347326
9/15/2024,-0.013703583
9/16/2024,-0.016733367
9/17/2024,0.036362606
9/18/2024,0.022237989
9/19/2024,0.020937292
9/20/2024,0.004012038
9/21/2024,0.003194394
9/22/2024,0.004004602
9/23/2024,-0.005010473
9/24/2024,0.015350877
9/25/2024,-0.018021598
9/26/2024,0.032273892
9/27/2024,0.009353099
9/28/2024,0.001474136
9/29/2024,-0.00382991
9/30/2024,-0.035130555
10/1/2024,-0.039357522
10/2/2024,-0.003356882
10/3/2024,0.002088263
10/4/2024,0.021528754
10/5/2024,0.000362068
10/6/2024,0.011741094
10/7/2024,-0.009269384
10/8/2024,-0.00168215
10/9/2024,-0.024944762
10/10/2024,-0.005077433
10/11/2024,0.036011744
10/12/2024,0.01197746
10/13/2024,-0.005406427
10/14/2024,0.050830232
10/15/2024,0.015064992
10/16/2024,0.008526252
10/17/2024,-0.003148562
10/18/2024,0.015118036
10/19/2024,-0.000819288
10/20/2024,0.009346741
10/21/2024,-0.023678424
10/22/2024,-9.57E-05
10/23/2024,-0.013794411
10/24/2024,0.02602442
10/25/2024,-0.022280181
10/26/2024,0.005586251
10/27/2024,0.013647776
10/28/2024,0.029125297
10/29/2024,0.040234939
10/30/2024,-0.005238594
10/31/2024,-0.029366396
11/1/2024,-0.010435331
11/2/2024,-0.00278049
11/3/2024,-0.007911127
11/4/2024,-0.013523338
11/5/2024,0.02282879
11/6/2024,0.090535687
11/7/2024,0.003513809
11/8/2024,0.008439739
11/9/2024,0.003049045
11/10/2024,0.048129394
11/11/2024,0.102235228
11/12/2024,-0.008406532
11/13/2024,0.029882636
11/14/2024,-0.036802618
11/15/2024,0.043731339
11/16/2024,-0.005573224
11/17/2024,-0.007869225
11/18/2024,0.007755384
11/19/2024,0.01989282
11/20/2024,0.021611666
11/21/2024,0.044151545
11/22/2024,0.005004201
11/23/2024,-0.01232739
11/24/2024,0.002419162
11/25/2024,-0.050110519
11/26/2024,-0.011997304
11/27/2024,0.043237453
11/28/2024,-0.003231079
11/29/2024,0.018912786
11/30/2024,-0.010388394
12/1/2024,0.008613194
12/2/2024,-0.014540373
12/3/2024,0.001427622
12/4/2024,0.028815675
12/5/2024,-0.022020789
12/6/2024,0.034444742
12/7/2024,2.62708298961467e-05
12/8/2024,0.013136868
12/9/2024,-0.037568615
12/10/2024,-0.007772431
12/11/2024,0.046522695
12/12/2024,-0.011169293
12/13/2024,0.014156491
12/14/2024,-0.00085048
12/15/2024,0.028861013
12/16/2024,0.016596789
12/17/2024,0.001045771
12/18/2024,-0.057462106
12/19/2024,-0.025495269
12/20/2024,0.002717961
12/21/2024,-0.005433973
12/22/2024,-0.021802983
12/23/2024,-0.004402456
12/24/2024,0.042137606
12/25/2024,0.006314615
12/26/2024,-0.035284069
12/27/2024,-0.017022261
12/28/2024,0.0106098
12/29/2024,-0.017167252
12/30/2024,-0.009483732
12/31/2024,0.008484078
1/1/2025,0.010602196
1/2/2025,0.026129247
1/3/2025,0.01259773
1/4/2025,0.001312815
1/5/2025,0.00080148
1/6/2025,0.038276219
1/7/2025,-0.050504305
1/8/2025,-0.019388437
1/9/2025,-0.026929603
1/10/2025,0.023976181
1/11/2025,-0.001424048
1/12/2025,-0.000826468
1/13/2025,0.000297242
1/14/2025,0.021345722
1/15/2025,0.04113
1/16/2025,-0.007438334
1/17/2025,0.047165986
1/18/2025,-0.000516635
1/19/2025,-0.031783567
1/20/2025,0.009170623
1/21/2025,0.040479677
1/22/2025,-0.0234883
1/23/2025,0.002962783
1/24/2025,0.008265786
1/25/2025,-0.001000157
1/26/2025,-0.019406534
1/27/2025,-0.005792735
1/28/2025,-0.007397669
1/29/2025,0.023395603
1/30/2025,0.00995238
1/31/2025,-0.022249243
2/1/2025,-0.017080385
2/2/2025,-0.029475962
2/3/2025,0.038043651
2/4/2025,-0.034846278
2/5/2025,-0.012836943
2/6/2025,-0.000229243
2/7/2025,-0.000664756
2/8/2025,-0.000483096
2/9/2025,0.000182838
2/10/2025,0.009714612
2/11/2025,-0.017345725
2/12/2025,0.022334069
2/13/2025,-0.012892487
2/14/2025,0.009160279
2/15/2025,0.000732064
2/16/2025,-0.014401673
2/17/2025,-0.004176224
2/18/2025,-0.002441555
2/19/2025,0.011472344
2/20/2025,0.017574558
2/21/2025,-0.022458072
2/22/2025,0.004704378
2/23/2025,-0.003146024
2/24/2025,-0.050436815
2/25/2025,-0.029337712
2/26/2025,-0.0494629
2/27/2025,0.004234923
2/28/2025,-0.003910298
3/1/2025,0.019661575
3/2/2025,0.09550453
3/3/2025,-0.086820401
3/4/2025,0.013437686
3/5/2025,0.038996579
3/6/2025,-0.007303133
3/7/2025,-0.035782491
3/8/2025,-0.006779571
3/9/2025,-0.064460343
3/10/2025,-0.025670129
3/11/2025,0.055139446
3/12/2025,0.010380467
3/13/2025,-0.031719797
3/14/2025,0.035802596
3/15/2025,0.004454112
3/16/2025,-0.020907717
3/17/2025,0.018115835
3/18/2025,-0.016142449
3/19/2025,0.049997601
3/20/2025,-0.030937254
3/21/2025,-0.001472701
3/22/2025,-0.002507731
3/23/2025,0.026503934
3/24/2025,0.016786352
3/25/2025,-0.000310986
3/26/2025,-0.006525771
3/27/2025,0.003178549
3/28/2025,-0.03239329
3/29/2025,-0.020812057
3/30/2025,-0.003184869
3/31/2025,0.002603897
4/1/2025,0.031741881
4/2/2025,-0.031507421
4/3/2025,0.007481504
4/4/2025,0.008916382
4/5/2025,-0.004043326
4/6/2025,-0.063353396
4/7/2025,0.01305195
4/8/2025,-0.037399763
4/9/2025,0.082625392
4/10/2025,-0.03569906
4/11/2025,0.047455462
4/12/2025,0.022567917
4/13/2025,-0.01878517
4/14/2025,0.010245735
4/15/2025,-0.010330894
4/16/2025,0.004360935
4/17/2025,0.010256374
4/18/2025,-0.005241079
4/19/2025,0.007254038
4/20/2025,0.001303623
4/21/2025,0.0275271
4/22/2025,0.067676627
4/23/2025,0.002752713
4/24/2025,0.002611418
4/25/2025,0.008267743
4/26/2025,-0.00077671
4/27/2025,-0.009425408
4/28/2025,0.013054326
4/29/2025,-0.007306486
4/30/2025,-0.000821729
5/1/2025,0.024255266
5/2/2025,0.004329197
5/3/2025,-0.010507406
5/4/2025,-0.016433317
5/5/2025,0.004581176
5/6/2025,0.021682998
5/7/2025,0.002374358
5/8/2025,0.063990437
5/9/2025,-0.002621131
5/10/2025,0.016756942
5/11/2025,-0.005635047
5/12/2025,-0.012423893
5/13/2025,0.013197358
5/14/2025,-0.006051642
5/15/2025,0.001982111
5/16/2025,-0.002461347
5/17/2025,-0.002881488
5/18/2025,0.031542665
5/19/2025,-0.00788971
5/20/2025,0.011220047
5/21/2025,0.027034018
5/22/2025,0.018191449
5/23/2025,-0.039270668
5/24/2025,0.004691674
5/25/2025,0.01154301
5/26/2025,0.003714175
5/27/2025,-0.00407278
5/28/2025,-0.010939185
5/29/2025,-0.020041963
5/30/2025,-0.015554337
5/31/2025,0.006149348
6/1/2025,0.009690618
6/2/2025,0.002171558
6/3/2025,-0.004241179
6/4/2025,-0.006643915
6/5/2025,-0.030134359
6/6/2025,0.027707253
6/7/2025,0.011737496
6/8/2025,0.001685579
6/9/2025,0.042539918
6/10/2025,-0.000334263
6/11/2025,-0.014244955
6/12/2025,-0.025371754
6/13/2025,0.001528514
6/14/2025,-0.005830492
6/15/2025,0.000754863
6/16/2025,0.011792615
6/17/2025,-0.020559057
6/18/2025,0.002697972
6/19/2025,-0.001897719
6/20/2025,-0.013131746
6/21/2025,-0.010184874
6/22/2025,-0.012422236
6/23/2025,0.045457598
6/24/2025,0.004431419
6/25/2025,0.012406216
6/26/2025,-0.003737454
6/27/2025,0.001200726
6/28/2025,0.002234354
6/29/2025,0.009856422
6/30/2025,-0.011535063
7/1/2025,-0.013413452
7/2/2025,0.029906248
7/3/2025,0.007244729
7/4/2025,-0.014716556
7/5/2025,0.001822048
7/6/2025,0.009247711
7/7/2025,-0.008534295
7/8/2025,0.00600575
7/9/2025,0.021810696
7/10/2025,0.041864661
7/11/2025,0.013189292
7/12/2025,-0.000695777
7/13/2025,0.014313343
7/14/2025,0.006158578
7/15/2025,-0.017292622
7/16/2025,0.008162195
7/17/2025,0.004643278
7/18/2025,-0.010785639
7/19/2025,-0.000536002
7/20/2025,-0.0054196
7/21/2025,0.001182856
7/22/2025,0.021763326
7/23/2025,-0.010337504
7/24/2025,-0.003258482
7/25/2025,-0.006185094
7/26/2025,0.002647869
7/27/2025,0.012727075
7/28/2025,-0.012758768
7/29/2025,-1.97E-05
7/30/2025,-0.000771364
7/31/2025,-0.017592833
8/1/2025,-0.021062155
8/2/2025,-0.006999394
8/3/2025,0.015025364
8/4/2025,0.007478798
8/5/2025,-0.008085707
8/6/2025,0.007767158
8/7/2025,0.021463456
8/8/2025,-0.00687824
8/9/2025,-0.001614271
8/10/2025,0.024089183
8/11/2025,-0.004822128
8/12/2025,0.012140515
8/13/2025,0.02638828
8/14/2025,-0.040411223
8/15/2025,-0.00812124
8/16/2025,0.000792175
8/17/2025,-0.000325888
8/18/2025,-0.010223233
8/19/2025,-0.029428514
8/20/2025,0.012794003
8/21/2025,-0.01623903
8/22/2025,0.039629008
8/23/2025,-0.012832253
8/24/2025,-0.016605934
8/25/2025,-0.0293859
8/26/2025,0.015240087
8/27/2025,-0.005193023
8/28/2025,0.011892804
8/29/2025,-0.03673176
8/30/2025,0.003664157
8/31/2025,-0.005251075
9/1/2025,0.009367273
9/2/2025,0.017848802
9/3/2025,0.00469984
9/4/2025,-0.008947195
9/5/2025,-0.000655842
9/6/2025,-0.003852556
9/7/2025,0.008554543
9/8/2025,0.008130178
9/9/2025,-0.004826233
9/10/2025,0.021741241
9/11/2025,0.013620945
9/12/2025,0.00514286
9/13/2025,-0.001301191
9/14/2025,-0.004681752
9/15/2025,0.000322498
9/16/2025,0.012112383
9/17/2025,-0.003206688
9/18/2025,0.005741426
9/19/2025,-0.012364507
9/20/2025,0.000286126
9/21/2025,-0.003593676
9/22/2025,-0.022180839
9/23/2025,-0.006510133
9/24/2025,0.01173181
9/25/2025,-0.037760482
9/26/2025,0.006084763
9/27/2025,-0.000281488
9/28/2025,0.02225248
9/29/2025,0.020314739
9/30/2025,-0.003009578
10/1/2025,0.040268292
10/2/2025,0.017128921
10/3/2025,0.013136037
10/4/2025,0.001299607
10/5/2025,0.008887425
10/6/2025,0.010031737
10/7/2025,-0.026461575
10/8/2025,0.015672809
10/9/2025,-0.013370216
10/10/2025,-0.069768521
10/11/2025,-0.021255998
10/12/2025,0.039364373
10/13/2025,0.00087968
10/14/2025,-0.018672629
10/15/2025,-0.02064646
10/16/2025,-0.023443319
10/17/2025,-0.015882364
10/18/2025,0.00686101
10/19/2025,0.013698406
10/20/2025,0.017689122
10/21/2025,-0.019098106
10/22/2025,-0.007267029
10/23/2025,0.022111356
10/24/2025,0.008759859
10/25/2025,0.005474045
10/26/2025,0.025355383
10/27/2025,-0.003084735
10/28/2025,-0.010192525
10/29/2025,-0.025681284
10/30/2025,-0.015898896
10/31/2025,0.01154712
11/1/2025,0.004635536
11/2/2025,0.005229769
11/3/2025,-0.036985859
11/4/2025,-0.046523841
11/5/2025,0.022652826
11/6/2025,-0.024935038
11/7/2025,0.020445122
11/8/2025,-0.010547196
11/9/2025,0.023831374
11/10/2025,0.012194017
11/11/2025,-0.028294541
11/12/2025,-0.012954505
11/14/2025,-0.060803643
